File_name,Runtime,Tsk_All,P_All,Clo_All,Teq_All,PMV_All,PPD_All,SET_All,ET_All,Tsk_Group A,P_Group A,Clo_Group A,Teq_Group A,PMV_Group A,PPD_Group A,SET_Group A,ET_Group A,Tsk_Group B,P_Group B,Clo_Group B,Teq_Group B,PMV_Group B,PPD_Group B,SET_Group B,ET_Group B,Tsk_Crown,P_Crown,Clo_Crown,Teq_Crown,Tsk_Head,P_Head,Clo_Head,Teq_Head,Tsk_Left Chest,P_Left Chest,Clo_Left Chest,Teq_Left Chest,Tsk_Right Chest,P_Right Chest,Clo_Right Chest,Teq_Right Chest,Tsk_Left Back,P_Left Back,Clo_Left Back,Teq_Left Back,Tsk_Right Back,P_Right Back,Clo_Right Back,Teq_Right Back,Tsk_Abdomen,P_Abdomen,Clo_Abdomen,Teq_Abdomen,Tsk_Buttocks,P_Buttocks,Clo_Buttocks,Teq_Buttocks,Tsk_Left Upper Arm,P_Left Upper Arm,Clo_Left Upper Arm,Teq_Left Upper Arm,Tsk_Right Upper Arm,P_Right Upper Arm,Clo_Right Upper Arm,Teq_Right Upper Arm,Tsk_Left Forearm,P_Left Forearm,Clo_Left Forearm,Teq_Left Forearm,Tsk_Right Forearm,P_Right Forearm,Clo_Right Forearm,Teq_Right Forearm,Tsk_Left Hand,P_Left Hand,Clo_Left Hand,Teq_Left Hand,Tsk_Right Hand,P_Right Hand,Clo_Right Hand,Teq_Right Hand,Tsk_Left Front Thigh,P_Left Front Thigh,Clo_Left Front Thigh,Teq_Left Front Thigh,Tsk_Right Front Thigh,P_Right Front Thigh,Clo_Right Front Thigh,Teq_Right Front Thigh,Tsk_Left Back Thigh,P_Left Back Thigh,Clo_Left Back Thigh,Teq_Left Back Thigh,Tsk_Right Back Thigh,P_Right Back Thigh,Clo_Right Back Thigh,Teq_Right Back Thigh,Tsk_Left Lower Leg,P_Left Lower Leg,Clo_Left Lower Leg,Teq_Left Lower Leg,Tsk_Right Lower Leg,P_Right Lower Leg,Clo_Right Lower Leg,Teq_Right Lower Leg,Tsk_Left Foot,P_Left Foot,Clo_Left Foot,Teq_Left Foot,Tsk_Right Foot,P_Right Foot,Clo_Right Foot,Teq_Right Foot,Reference_time
2025-02-10_ID14_Heating pad_Level6_Ta25_TskControl34.csv,1372682.0,34.8,39.38,,34.8,3.5,100.0,32.18,34.8,34.0,62.4,,34.0,3.0,99.2,31.2,34.0,34.0,0.36,,34.0,3.0,99.2,31.2,34.0,34.0,58.42,,34.0,34.0,16.860000000000003,,34.0,34.0,12.74,,34.0,34.0,13.88,,34.0,37.5,0.0,,37.5,39.42,0.0,,39.46,39.739999999999995,0.0,,39.739999999999995,34.0,0.36,,34.0,34.0,50.14,,34.0,34.0,49.2,,34.0,34.0,75.17999999999999,,34.0,34.0,75.9,,34.0,34.0,106.98000000000002,,34.0,34.0,91.1,,34.0,34.0,63.1,,34.0,34.0,61.18000000000001,,34.0,34.0,22.839999999999996,,34.0,34.0,14.88,,34.0,34.0,69.38,,34.0,34.0,70.34,,34.0,34.0,48.1,,34.0,34.0,45.06,,34.0,2025-02-10 16:43:59
2025-02-01_ID0_NoPCS_Ta25_TskControl34.csv,594002.0,34.0,53.419999999999995,,34.0,3.0,99.2,31.2,34.0,34.0,59.4,,34.0,3.0,99.2,31.2,34.0,34.0,34.32000000000001,,34.0,3.0,99.2,31.2,34.0,34.0,48.9,,34.0,34.0,18.080000000000002,,34.0,34.0,27.379999999999995,,34.0,34.0,31.1,,34.0,34.0,36.580000000000005,,34.0,34.0,40.99999999999999,,34.0,34.0,56.48,,34.0,34.0,34.32000000000001,,34.0,34.0,44.7,,34.0,34.0,54.52,,34.0,34.0,58.36,,34.0,34.0,74.28,,34.0,34.0,97.82000000000001,,34.0,34.0,86.98,,34.0,34.0,57.42,,34.0,34.0,62.379999999999995,,34.0,34.0,68.05999999999999,,34.0,34.0,69.7,,34.0,34.0,66.82000000000001,,34.0,34.0,65.92,,34.0,34.0,48.779999999999994,,34.0,34.0,45.3,,34.0,2025-02-01 16:25:44
2025-02-01_ID1_Small desk fan (grey)_High_Angle125_Distance60_Ta25_TskControl34.csv,597152.0,34.0,54.46666666666666,,34.0,3.0,99.2,31.2,34.0,34.0,56.96666666666667,,34.0,3.0,99.2,31.2,34.0,34.0,31.183333333333334,,34.0,3.0,99.2,31.2,34.0,34.0,88.83333333333333,,34.0,34.0,20.233333333333334,,34.0,34.0,28.883333333333336,,34.0,34.0,31.366666666666664,,34.0,34.0,37.083333333333336,,34.0,34.0,43.23333333333333,,34.0,34.0,53.45000000000001,,34.0,34.0,31.183333333333334,,34.0,34.0,46.15,,34.0,34.0,52.03333333333333,,34.0,34.0,66.13333333333334,,34.0,34.0,75.03333333333333,,34.0,34.0,109.14999999999999,,34.0,34.0,88.53333333333332,,34.0,34.0,56.5,,34.0,34.0,58.550000000000004,,34.0,34.0,69.06666666666668,,34.0,34.0,69.76666666666667,,34.0,34.0,62.31666666666666,,34.0,34.0,63.96666666666667,,34.0,34.0,44.916666666666664,,34.0,34.0,44.81666666666666,,34.0,2025-02-01 17:18:14
2025-02-01_ID1_Small desk fan (grey)_Low_Angle125_Distance60_Ta25_TskControl34.csv,595142.0,34.0,53.86,,34.0,3.0,99.2,31.2,34.0,34.0,57.260000000000005,,34.0,3.0,99.2,31.2,34.0,34.0,34.14,,34.0,3.0,99.2,31.2,34.0,34.0,58.739999999999995,,34.0,34.0,19.24,,34.0,34.0,27.22,,34.0,34.0,31.119999999999997,,34.0,34.0,37.44,,34.0,34.0,41.86,,34.0,34.0,56.5,,34.0,34.0,34.14,,34.0,34.0,43.940000000000005,,34.0,34.0,54.04,,34.0,34.0,63.620000000000005,,34.0,34.0,73.67999999999999,,34.0,34.0,105.93999999999998,,34.0,34.0,90.4,,34.0,34.0,55.82000000000001,,34.0,34.0,62.48,,34.0,34.0,68.67999999999999,,34.0,34.0,71.02,,34.0,34.0,62.660000000000004,,34.0,34.0,64.46000000000001,,34.0,34.0,46.12,,34.0,34.0,45.42,,34.0,2025-02-01 16:44:44
2025-02-01_ID1_Small desk fan (grey)_Mid_Angle125_Distance60_Ta25_TskControl34.csv,596012.0,34.0,53.616666666666674,,34.0,3.0,99.2,31.2,34.0,34.0,56.38333333333333,,34.0,3.0,99.2,31.2,34.0,34.0,32.36666666666667,,34.0,3.0,99.2,31.2,34.0,34.0,62.23333333333334,,34.0,34.0,19.366666666666667,,34.0,34.0,26.983333333333334,,34.0,34.0,30.16666666666667,,34.0,34.0,37.083333333333336,,34.0,34.0,41.66666666666667,,34.0,34.0,55.666666666666664,,34.0,34.0,32.36666666666667,,34.0,34.0,44.6,,34.0,34.0,54.083333333333336,,34.0,34.0,64.63333333333333,,34.0,34.0,76.5,,34.0,34.0,109.0,,34.0,34.0,88.96666666666668,,34.0,34.0,55.300000000000004,,34.0,34.0,60.15,,34.0,34.0,68.45,,34.0,34.0,71.18333333333335,,34.0,34.0,62.58333333333332,,34.0,34.0,62.76666666666666,,34.0,34.0,44.85,,34.0,34.0,44.46666666666667,,34.0,2025-02-01 16:59:14
2025-02-01_ID2_Small desk fan (black)_Mid (On-Off)_Angle125_Distance60_Ta25_TskControl34.csv,598322.0,34.0,54.32000000000001,,34.0,3.0,99.2,31.2,34.0,34.0,55.94,,34.0,3.0,99.2,31.2,34.0,34.0,31.419999999999998,,34.0,3.0,99.2,31.2,34.0,34.0,61.5,,34.0,34.0,15.440000000000001,,34.0,34.0,28.46,,34.0,34.0,34.2,,34.0,34.0,37.46,,34.0,34.0,41.6,,34.0,34.0,54.88000000000001,,34.0,34.0,31.419999999999998,,34.0,34.0,45.099999999999994,,34.0,34.0,55.8,,34.0,34.0,67.9,,34.0,34.0,82.32,,34.0,34.0,116.28,,34.0,34.0,100.4,,34.0,34.0,55.4,,34.0,34.0,60.68000000000001,,34.0,34.0,69.78,,34.0,34.0,70.23999999999998,,34.0,34.0,61.660000000000004,,34.0,34.0,62.98,,34.0,34.0,43.199999999999996,,34.0,34.0,44.00000000000001,,34.0,2025-02-01 17:37:44
2025-02-01_ID3_Midiam evaporative cooler (purple)_Level1_Angle135_Distance60_Ta25_TskControl34.csv,599312.0,34.0,53.73333333333333,,34.0,3.0,99.2,31.2,34.0,34.0,56.98333333333334,,34.0,3.0,99.2,31.2,34.0,34.0,31.850000000000005,,34.0,3.0,99.2,31.2,34.0,34.0,64.08333333333333,,34.0,34.0,16.433333333333334,,34.0,34.0,30.316666666666666,,34.0,34.0,32.26666666666667,,34.0,34.0,34.66666666666667,,34.0,34.0,38.71666666666667,,34.0,34.0,54.449999999999996,,34.0,34.0,31.850000000000005,,34.0,34.0,47.13333333333333,,34.0,34.0,51.43333333333333,,34.0,34.0,68.48333333333333,,34.0,34.0,77.66666666666667,,34.0,34.0,107.23333333333333,,34.0,34.0,95.55000000000001,,34.0,34.0,54.1,,34.0,34.0,60.53333333333333,,34.0,34.0,66.85000000000001,,34.0,34.0,71.73333333333333,,34.0,34.0,63.68333333333334,,34.0,34.0,64.94999999999999,,34.0,34.0,45.11666666666667,,34.0,34.0,44.46666666666667,,34.0,2025-02-01 17:54:14
2025-02-01_ID3_Midiam evaporative cooler (purple)_Level2_Angle135_Distance60_Ta_TskControl34.csv,601322.0,34.0,56.58,,34.0,3.0,99.2,31.2,34.0,34.0,58.94,,34.0,3.0,99.2,31.2,34.0,34.0,33.160000000000004,,34.0,3.0,99.2,31.2,34.0,34.0,91.78,,34.0,34.0,17.5,,34.0,34.0,34.50000000000001,,34.0,34.0,33.839999999999996,,34.0,34.0,37.059999999999995,,34.0,34.0,41.260000000000005,,34.0,34.0,56.779999999999994,,34.0,34.0,33.160000000000004,,34.0,34.0,48.220000000000006,,34.0,34.0,54.52,,34.0,34.0,67.68,,34.0,34.0,80.12,,34.0,34.0,110.7,,34.0,34.0,93.46000000000001,,34.0,34.0,56.2,,34.0,34.0,63.64000000000001,,34.0,34.0,69.7,,34.0,34.0,73.3,,34.0,34.0,65.74,,34.0,34.0,67.47999999999999,,34.0,34.0,46.14,,34.0,34.0,45.64,,34.0,2025-02-01 18:27:45
2025-02-01_ID3_Midiam evaporative cooler (purple)_Level3_Angle135_Distance60_Ta25_TskControl34.csv,601862.0,34.0,56.620000000000005,,34.0,3.0,99.2,31.2,34.0,34.0,58.620000000000005,,34.0,3.0,99.2,31.2,34.0,34.0,33.4,,34.0,3.0,99.2,31.2,34.0,34.0,106.96,,34.0,34.0,18.640000000000004,,34.0,34.0,33.62,,34.0,34.0,34.56,,34.0,34.0,38.660000000000004,,34.0,34.0,40.980000000000004,,34.0,34.0,55.9,,34.0,34.0,33.4,,34.0,34.0,48.1,,34.0,34.0,54.04,,34.0,34.0,67.47999999999999,,34.0,34.0,76.8,,34.0,34.0,110.16,,34.0,34.0,90.92,,34.0,34.0,56.1,,34.0,34.0,61.18000000000001,,34.0,34.0,70.17999999999999,,34.0,34.0,72.04,,34.0,34.0,65.32000000000001,,34.0,34.0,66.36,,34.0,34.0,46.52,,34.0,34.0,46.12,,34.0,2025-02-01 18:36:45
2025-02-01_ID3_Midiam evaporative cooler (purple)_Level4_Angle135_Distance60_Ta25_TskControl34.csv,602462.0,34.0,56.36,,34.0,3.0,99.2,31.2,34.0,34.0,58.379999999999995,,34.0,3.0,99.2,31.2,34.0,34.0,31.259999999999998,,34.0,3.0,99.2,31.2,34.0,34.0,118.75999999999999,,34.0,34.0,19.380000000000003,,34.0,34.0,32.94,,34.0,34.0,33.32,,34.0,34.0,40.6,,34.0,34.0,39.98,,34.0,34.0,54.88000000000001,,34.0,34.0,31.259999999999998,,34.0,34.0,47.68,,34.0,34.0,53.6,,34.0,34.0,66.53999999999999,,34.0,34.0,73.94,,34.0,34.0,103.78,,34.0,34.0,87.12,,34.0,34.0,56.120000000000005,,34.0,34.0,60.65999999999999,,34.0,34.0,70.3,,34.0,34.0,71.68,,34.0,34.0,64.53999999999999,,34.0,34.0,66.42,,34.0,34.0,45.99999999999999,,34.0,34.0,46.04,,34.0,2025-02-01 18:46:45
2025-02-03_ID0_NoPCS_Ta25_TskControl34.csv,773582.0,34.0,53.46,,34.0,3.0,99.2,31.2,34.0,34.0,59.0,,34.0,3.0,99.2,31.2,34.0,34.0,31.96,,34.0,3.0,99.2,31.2,34.0,34.0,53.86,,34.0,34.0,18.6,,34.0,34.0,29.02,,34.0,34.0,30.48,,34.0,34.0,35.48,,34.0,34.0,39.160000000000004,,34.0,34.0,55.67999999999999,,34.0,34.0,31.96,,34.0,34.0,46.779999999999994,,34.0,34.0,51.64000000000001,,34.0,34.0,63.14,,34.0,34.0,72.58,,34.0,34.0,96.13999999999999,,34.0,34.0,90.22,,34.0,34.0,57.760000000000005,,34.0,34.0,63.3,,34.0,34.0,69.05999999999999,,34.0,34.0,68.98,,34.0,34.0,65.67999999999999,,34.0,34.0,66.93999999999998,,34.0,34.0,45.68,,34.0,34.0,45.08,,34.0,2025-02-03 18:18:48
2025-02-03_ID4_Midiam evaporative cooler (white)_High_Angle135_Distance60_Ta25_TskControl34.csv,776582.0,34.0,56.8,,34.0,3.0,99.2,31.2,34.0,34.0,60.120000000000005,,34.0,3.0,99.2,31.2,34.0,34.0,31.619999999999997,,34.0,3.0,99.2,31.2,34.0,34.0,115.52000000000001,,34.0,34.0,22.44,,34.0,34.0,31.840000000000003,,34.0,34.0,32.74,,34.0,34.0,35.42,,34.0,34.0,39.5,,34.0,34.0,53.82000000000001,,34.0,34.0,31.619999999999997,,34.0,34.0,50.879999999999995,,34.0,34.0,51.64,,34.0,34.0,71.38,,34.0,34.0,73.96000000000001,,34.0,34.0,116.88,,34.0,34.0,94.74,,34.0,34.0,59.85999999999999,,34.0,34.0,61.92,,34.0,34.0,68.4,,34.0,34.0,65.82000000000001,,34.0,34.0,66.03999999999999,,34.0,34.0,68.3,,34.0,34.0,46.24,,34.0,34.0,45.980000000000004,,34.0,2025-02-03 19:08:48
2025-02-03_ID4_Midiam evaporative cooler (white)_Low_Angle135_Distance60_Ta25_TskControl34.csv,774362.0,34.0,55.6,,34.0,3.0,99.2,31.2,34.0,34.0,58.32000000000001,,34.0,3.0,99.2,31.2,34.0,34.0,31.72,,34.0,3.0,99.2,31.2,34.0,34.0,112.24000000000001,,34.0,34.0,25.7,,34.0,34.0,32.6,,34.0,34.0,31.839999999999996,,34.0,34.0,37.24,,34.0,34.0,43.14,,34.0,34.0,54.67999999999999,,34.0,34.0,31.72,,34.0,34.0,48.82,,34.0,34.0,50.96,,34.0,34.0,63.92,,34.0,34.0,70.14,,34.0,34.0,94.41999999999999,,34.0,34.0,85.44000000000001,,34.0,34.0,57.0,,34.0,34.0,59.620000000000005,,34.0,34.0,70.4,,34.0,34.0,68.5,,34.0,34.0,64.6,,34.0,34.0,66.5,,34.0,34.0,45.05999999999999,,34.0,34.0,44.760000000000005,,34.0,2025-02-03 18:31:48
2025-02-03_ID4_Midiam evaporative cooler (white)_Mid_Angle135_Distance60_Ta25_TskControl34.csv,775682.0,34.0,55.44,,34.0,3.0,99.2,31.2,34.0,34.0,58.239999999999995,,34.0,3.0,99.2,31.2,34.0,34.0,31.04,,34.0,3.0,99.2,31.2,34.0,34.0,116.4,,34.0,34.0,25.1,,34.0,34.0,31.639999999999997,,34.0,34.0,31.880000000000003,,34.0,34.0,37.660000000000004,,34.0,34.0,39.42,,34.0,34.0,52.019999999999996,,34.0,34.0,31.04,,34.0,34.0,48.56,,34.0,34.0,51.34000000000001,,34.0,34.0,66.08,,34.0,34.0,72.74,,34.0,34.0,100.2,,34.0,34.0,90.64000000000001,,34.0,34.0,56.120000000000005,,34.0,34.0,60.040000000000006,,34.0,34.0,68.58,,34.0,34.0,65.22,,34.0,34.0,64.9,,34.0,34.0,66.02,,34.0,34.0,46.08,,34.0,34.0,45.08,,34.0,2025-02-03 18:53:48
2025-02-04_ID0_NoPCS_Ta25_TskControl34.csv,830642.0,34.0,55.82000000000001,,34.0,3.0,99.2,31.2,34.0,34.0,61.92,,34.0,3.0,99.2,31.2,34.0,34.0,43.26,,34.0,3.0,99.2,31.2,34.0,34.0,51.08,,34.0,34.0,17.16,,34.0,34.0,30.659999999999997,,34.0,34.0,33.7,,34.0,34.0,39.62,,34.0,34.0,43.260000000000005,,34.0,34.0,61.279999999999994,,34.0,34.0,43.26,,34.0,34.0,48.9,,34.0,34.0,54.260000000000005,,34.0,34.0,59.7,,34.0,34.0,69.11999999999999,,34.0,34.0,85.25999999999999,,34.0,34.0,83.22,,34.0,34.0,61.68000000000001,,34.0,34.0,66.16,,34.0,34.0,76.06,,34.0,34.0,74.02000000000001,,34.0,34.0,68.4,,34.0,34.0,68.36,,34.0,34.0,49.660000000000004,,34.0,34.0,48.260000000000005,,34.0,2025-02-04 10:09:49
2025-02-04_ID4_Midiam evaporative cooler (white)_High_Angle135_Distance60_Ta25_TskControl34.csv,833342.0,34.0,56.879999999999995,,34.0,3.0,99.2,31.2,34.0,34.0,59.839999999999996,,34.0,3.0,99.2,31.2,34.0,34.0,36.04,,34.0,3.0,99.2,31.2,34.0,34.0,126.3,,34.0,34.0,24.78,,34.0,34.0,34.279999999999994,,34.0,34.0,33.36,,34.0,34.0,39.36,,34.0,34.0,40.42,,34.0,34.0,55.5,,34.0,34.0,36.04,,34.0,34.0,49.46,,34.0,34.0,51.48,,34.0,34.0,64.66,,34.0,34.0,68.78,,34.0,34.0,97.47999999999999,,34.0,34.0,86.52000000000001,,34.0,34.0,57.56,,34.0,34.0,61.220000000000006,,34.0,34.0,71.06,,34.0,34.0,66.8,,34.0,34.0,66.16,,34.0,34.0,67.08000000000001,,34.0,34.0,48.54,,34.0,34.0,47.88,,34.0,2025-02-04 10:54:49
2025-02-04_ID4_Midiam evaporative cooler (white)_Low_Angle135_Distance60_Ta25_TskControl34.csv,831482.0,34.0,57.44,,34.0,3.0,99.2,31.2,34.0,34.0,60.0,,34.0,3.0,99.2,31.2,34.0,34.0,39.04,,34.0,3.0,99.2,31.2,34.0,34.0,112.9,,34.0,34.0,22.18,,34.0,34.0,35.019999999999996,,34.0,34.0,33.4,,34.0,34.0,40.120000000000005,,34.0,34.0,43.61999999999999,,34.0,34.0,59.379999999999995,,34.0,34.0,39.04,,34.0,34.0,51.4,,34.0,34.0,53.67999999999999,,34.0,34.0,62.8,,34.0,34.0,69.35999999999999,,34.0,34.0,94.72,,34.0,34.0,84.16,,34.0,34.0,58.660000000000004,,34.0,34.0,62.38000000000001,,34.0,34.0,72.78,,34.0,34.0,72.08,,34.0,34.0,65.4,,34.0,34.0,67.58000000000001,,34.0,34.0,48.21999999999999,,34.0,34.0,48.0,,34.0,2025-02-04 10:23:49
2025-02-04_ID4_Midiam evaporative cooler (white)_Mid_Angle135_Distance60_Ta25_TskControl34.csv,832502.0,34.0,56.620000000000005,,34.0,3.0,99.2,31.2,34.0,34.0,59.52,,34.0,3.0,99.2,31.2,34.0,34.0,36.31999999999999,,34.0,3.0,99.2,31.2,34.0,34.0,119.58000000000001,,34.0,34.0,22.68,,34.0,34.0,34.02,,34.0,34.0,34.459999999999994,,34.0,34.0,39.46,,34.0,34.0,41.540000000000006,,34.0,34.0,57.44,,34.0,34.0,36.31999999999999,,34.0,34.0,49.48,,34.0,34.0,52.779999999999994,,34.0,34.0,61.75999999999999,,34.0,34.0,67.82000000000001,,34.0,34.0,92.62,,34.0,34.0,86.3,,34.0,34.0,58.2,,34.0,34.0,59.580000000000005,,34.0,34.0,70.14,,34.0,34.0,71.04,,34.0,34.0,65.5,,34.0,34.0,66.82,,34.0,34.0,48.14,,34.0,34.0,46.480000000000004,,34.0,2025-02-04 10:40:49
"2025-02-04_ID5_Big desk fan (daison, short)_Level10_Angle135_Distance90_Ta25_TskControl34.csv",839342.0,34.0,59.220000000000006,,34.0,3.0,99.2,31.2,34.0,34.0,59.21999999999999,,34.0,3.0,99.2,31.2,34.0,34.0,32.04,,34.0,3.0,99.2,31.2,34.0,34.0,140.16,,34.0,34.0,25.1,,34.0,34.0,37.24,,34.0,34.0,39.239999999999995,,34.0,34.0,40.8,,34.0,34.0,43.78,,34.0,34.0,54.540000000000006,,34.0,34.0,32.04,,34.0,34.0,54.5,,34.0,34.0,56.879999999999995,,34.0,34.0,68.9,,34.0,34.0,75.28,,34.0,34.0,110.33999999999999,,34.0,34.0,96.32,,34.0,34.0,59.08,,34.0,34.0,60.260000000000005,,34.0,34.0,72.47999999999999,,34.0,34.0,70.78,,34.0,34.0,65.1,,34.0,34.0,65.92,,34.0,34.0,47.4,,34.0,34.0,45.58,,34.0,2025-02-04 12:34:49
"2025-02-04_ID5_Big desk fan (daison, short)_Level1_Angle135_Distance90_Ta25_TskControl34.csv",834302.0,34.0,56.1,,34.0,3.0,99.2,31.2,34.0,34.0,60.14,,34.0,3.0,99.2,31.2,34.0,34.0,32.760000000000005,,34.0,3.0,99.2,31.2,34.0,34.0,92.28,,34.0,34.0,18.440000000000005,,34.0,34.0,33.879999999999995,,34.0,34.0,35.660000000000004,,34.0,34.0,38.14,,34.0,34.0,40.4,,34.0,34.0,56.14,,34.0,34.0,32.760000000000005,,34.0,34.0,48.64,,34.0,34.0,53.38000000000001,,34.0,34.0,61.959999999999994,,34.0,34.0,69.97999999999999,,34.0,34.0,92.62,,34.0,34.0,86.16,,34.0,34.0,57.98,,34.0,34.0,68.94,,34.0,34.0,71.12,,34.0,34.0,72.02000000000001,,34.0,34.0,67.1,,34.0,34.0,67.46000000000001,,34.0,34.0,48.160000000000004,,34.0,34.0,47.239999999999995,,34.0,2025-02-04 11:10:49
"2025-02-04_ID5_Big desk fan (daison, short)_Level3_Angle135_Distance90_Ta25_TskControl34.csv",835262.0,34.0,57.92,,34.0,3.0,99.2,31.2,34.0,34.0,59.1,,34.0,3.0,99.2,31.2,34.0,34.0,35.4,,34.0,3.0,99.2,31.2,34.0,34.0,106.13999999999999,,34.0,34.0,20.56,,34.0,34.0,37.00000000000001,,34.0,34.0,37.7,,34.0,34.0,39.720000000000006,,34.0,34.0,43.519999999999996,,34.0,34.0,59.239999999999995,,34.0,34.0,35.4,,34.0,34.0,53.96,,34.0,34.0,56.96,,34.0,34.0,68.34,,34.0,34.0,73.14000000000001,,34.0,34.0,103.17999999999999,,34.0,34.0,90.08,,34.0,34.0,54.080000000000005,,34.0,34.0,62.08,,34.0,34.0,70.78,,34.0,34.0,73.32000000000001,,34.0,34.0,66.0,,34.0,34.0,67.97999999999999,,34.0,34.0,48.36,,34.0,34.0,47.32000000000001,,34.0,2025-02-04 11:26:49
"2025-02-04_ID5_Big desk fan (daison, short)_Level5_Angle135_Distance90_Ta25_TskControl34.csv",837362.0,34.0,58.14,,34.0,3.0,99.2,31.2,34.0,34.0,59.980000000000004,,34.0,3.0,99.2,31.2,34.0,34.0,33.3,,34.0,3.0,99.2,31.2,34.0,34.0,120.2,,34.0,34.0,21.78,,34.0,34.0,36.67999999999999,,34.0,34.0,37.94,,34.0,34.0,40.02,,34.0,34.0,42.84,,34.0,34.0,57.11999999999999,,34.0,34.0,33.3,,34.0,34.0,53.34000000000001,,34.0,34.0,55.48,,34.0,34.0,65.82000000000001,,34.0,34.0,71.58,,34.0,34.0,104.92,,34.0,34.0,91.46000000000001,,34.0,34.0,58.88000000000001,,34.0,34.0,58.9,,34.0,34.0,73.2,,34.0,34.0,72.73999999999998,,34.0,34.0,65.92,,34.0,34.0,67.61999999999999,,34.0,34.0,47.099999999999994,,34.0,34.0,47.279999999999994,,34.0,2025-02-04 12:01:49
"2025-02-04_ID5_Big desk fan (daison, short)_Level8_Angle135_Distance90_Ta25_TskControl34.csv",838442.0,34.0,59.04,,34.0,3.0,99.2,31.2,34.0,34.0,59.61999999999999,,34.0,3.0,99.2,31.2,34.0,34.0,32.760000000000005,,34.0,3.0,99.2,31.2,34.0,34.0,133.06,,34.0,34.0,23.479999999999997,,34.0,34.0,37.739999999999995,,34.0,34.0,38.88,,34.0,34.0,40.480000000000004,,34.0,34.0,43.8,,34.0,34.0,56.260000000000005,,34.0,34.0,32.760000000000005,,34.0,34.0,54.0,,34.0,34.0,57.04,,34.0,34.0,68.46000000000001,,34.0,34.0,70.04,,34.0,34.0,108.67999999999999,,34.0,34.0,96.86,,34.0,34.0,58.6,,34.0,34.0,60.480000000000004,,34.0,34.0,74.1,,34.0,34.0,70.97999999999999,,34.0,34.0,65.66,,34.0,34.0,66.9,,34.0,34.0,47.3,,34.0,34.0,46.66,,34.0,2025-02-04 12:19:49
2025-02-04_ID6_Neck fan_Level1_Ta25_TskControl34.csv,845882.0,34.0,56.339999999999996,,34.0,3.0,99.2,31.2,34.0,34.0,59.620000000000005,,34.0,3.0,99.2,31.2,34.0,34.0,36.42,,34.0,3.0,99.2,31.2,34.0,34.0,114.46,,34.0,34.0,16.720000000000002,,34.0,34.0,31.1,,34.0,34.0,33.42,,34.0,34.0,37.86,,34.0,34.0,42.14,,34.0,34.0,59.080000000000005,,34.0,34.0,36.42,,34.0,34.0,47.019999999999996,,34.0,34.0,52.64000000000001,,34.0,34.0,62.94,,34.0,34.0,72.52000000000001,,34.0,34.0,97.26,,34.0,34.0,88.47999999999999,,34.0,34.0,57.5,,34.0,34.0,63.5,,34.0,34.0,70.02,,34.0,34.0,68.24000000000001,,34.0,34.0,66.3,,34.0,34.0,67.24,,34.0,34.0,47.33999999999999,,34.0,34.0,46.92,,34.0,2025-02-04 14:23:49
2025-02-04_ID6_Neck fan_Level3_Ta25_TskControl34.csv,847862.0,34.0,56.239999999999995,,34.0,3.0,99.2,31.2,34.0,34.0,59.54,,34.0,3.0,99.2,31.2,34.0,34.0,33.14,,34.0,3.0,99.2,31.2,34.0,34.0,135.04000000000002,,34.0,34.0,18.419999999999998,,34.0,34.0,31.26,,34.0,34.0,33.260000000000005,,34.0,34.0,36.78000000000001,,34.0,34.0,40.14,,34.0,34.0,55.260000000000005,,34.0,34.0,33.14,,34.0,34.0,47.06,,34.0,34.0,53.42,,34.0,34.0,60.46,,34.0,34.0,70.3,,34.0,34.0,91.14000000000001,,34.0,34.0,88.8,,34.0,34.0,57.32000000000001,,34.0,34.0,62.720000000000006,,34.0,34.0,70.52000000000001,,34.0,34.0,67.88,,34.0,34.0,66.74,,34.0,34.0,66.9,,34.0,34.0,47.0,,34.0,34.0,46.5,,34.0,2025-02-04 14:56:49
2025-02-04_ID6_Neck fan_Level5_Ta25_TskControl34.csv,848402.0,34.0,56.64,,34.0,3.0,99.2,31.2,34.0,34.0,59.4,,34.0,3.0,99.2,31.2,34.0,34.0,31.919999999999998,,34.0,3.0,99.2,31.2,34.0,34.0,146.76,,34.0,34.0,19.560000000000002,,34.0,34.0,32.18,,34.0,34.0,33.44,,34.0,34.0,35.519999999999996,,34.0,34.0,40.540000000000006,,34.0,34.0,55.6,,34.0,34.0,31.919999999999998,,34.0,34.0,49.34,,34.0,34.0,52.9,,34.0,34.0,61.2,,34.0,34.0,70.97999999999999,,34.0,34.0,88.82,,34.0,34.0,88.2,,34.0,34.0,58.98,,34.0,34.0,59.8,,34.0,34.0,71.22,,34.0,34.0,69.39999999999999,,34.0,34.0,65.34,,34.0,34.0,66.72,,34.0,34.0,46.839999999999996,,34.0,34.0,45.88,,34.0,2025-02-04 15:05:49
"2025-02-04_ID8_Standing fan (daison, long)_Level10_Angle180_Distance150_Ta25_TskControl34.csv",857702.0,34.0,85.44,,34.0,3.0,99.2,31.2,34.0,34.0,84.35999999999999,,34.0,3.0,99.2,31.2,34.0,34.0,51.4,,34.0,3.0,99.2,31.2,34.0,34.0,84.8,,34.0,34.0,16.380000000000003,,34.0,34.0,49.0,,34.0,34.0,45.32,,34.0,34.0,77.24000000000001,,34.0,34.0,60.55999999999999,,34.0,34.0,88.06,,34.0,34.0,51.4,,34.0,34.0,90.63999999999999,,34.0,34.0,70.76000000000002,,34.0,34.0,123.78,,34.0,34.0,117.2,,34.0,34.0,158.7,,34.0,34.0,138.45999999999998,,34.0,34.0,128.5,,34.0,34.0,105.28,,34.0,34.0,132.16,,34.0,34.0,111.85999999999999,,34.0,34.0,85.47999999999999,,34.0,34.0,80.2,,34.0,34.0,46.5,,34.0,34.0,45.4,,34.0,2025-02-04 17:40:49
"2025-02-04_ID8_Standing fan (daison, long)_Level10_Angle225_Distance150_Ta25_TskControl34.csv",852902.0,34.0,86.55999999999999,,34.0,3.0,99.2,31.2,34.0,34.0,86.06,,34.0,3.0,99.2,31.2,34.0,34.0,51.64,,34.0,3.0,99.2,31.2,34.0,34.0,88.74,,34.0,34.0,18.139999999999997,,34.0,34.0,44.92,,34.0,34.0,41.739999999999995,,34.0,34.0,73.88,,34.0,34.0,58.36,,34.0,34.0,95.78,,34.0,34.0,51.64,,34.0,34.0,86.16000000000001,,34.0,34.0,67.0,,34.0,34.0,120.43999999999998,,34.0,34.0,120.36000000000001,,34.0,34.0,195.44,,34.0,34.0,184.0,,34.0,34.0,116.48000000000002,,34.0,34.0,98.38,,34.0,34.0,121.5,,34.0,34.0,110.47999999999999,,34.0,34.0,92.34,,34.0,34.0,89.66,,34.0,34.0,48.82,,34.0,34.0,46.300000000000004,,34.0,2025-02-04 16:20:49
"2025-02-04_ID8_Standing fan (daison, long)_Level1_Angle180_Distance150_Ta25_TskControl34.csv",853922.0,34.0,62.58,,34.0,3.0,99.2,31.2,34.0,34.0,65.5,,34.0,3.0,99.2,31.2,34.0,34.0,42.99999999999999,,34.0,3.0,99.2,31.2,34.0,34.0,67.4,,34.0,34.0,16.2,,34.0,34.0,39.08,,34.0,34.0,35.42,,34.0,34.0,53.67999999999999,,34.0,34.0,42.879999999999995,,34.0,34.0,65.9,,34.0,34.0,42.99999999999999,,34.0,34.0,69.84,,34.0,34.0,52.540000000000006,,34.0,34.0,90.42,,34.0,34.0,84.24,,34.0,34.0,111.34,,34.0,34.0,101.75999999999999,,34.0,34.0,86.0,,34.0,34.0,72.5,,34.0,34.0,80.32000000000001,,34.0,34.0,74.0,,34.0,34.0,66.76000000000002,,34.0,34.0,64.08,,34.0,34.0,46.46,,34.0,34.0,46.3,,34.0,2025-02-04 16:37:49
"2025-02-04_ID8_Standing fan (daison, long)_Level1_Angle225_Distance150_Ta25_TskControl34.csv",849482.0,34.0,61.1,,34.0,3.0,99.2,31.2,34.0,34.0,63.46,,34.0,3.0,99.2,31.2,34.0,34.0,36.67999999999999,,34.0,3.0,99.2,31.2,34.0,34.0,69.12,,34.0,34.0,16.06,,34.0,34.0,36.04,,34.0,34.0,30.52,,34.0,34.0,57.160000000000004,,34.0,34.0,42.279999999999994,,34.0,34.0,72.86,,34.0,34.0,36.67999999999999,,34.0,34.0,66.0,,34.0,34.0,49.98,,34.0,34.0,84.92,,34.0,34.0,80.3,,34.0,34.0,113.34,,34.0,34.0,97.38,,34.0,34.0,79.22,,34.0,34.0,65.35999999999999,,34.0,34.0,77.5,,34.0,34.0,77.16,,34.0,34.0,66.3,,34.0,34.0,63.78000000000001,,34.0,34.0,47.099999999999994,,34.0,34.0,43.660000000000004,,34.0,2025-02-04 15:23:49
"2025-02-04_ID8_Standing fan (daison, long)_Level1_Angle270_Distance150_Ta25_TskControl34.csv",840602.0,34.0,59.42,,34.0,3.0,99.2,31.2,34.0,34.0,63.2,,34.0,3.0,99.2,31.2,34.0,34.0,34.879999999999995,,34.0,3.0,99.2,31.2,34.0,34.0,61.419999999999995,,34.0,34.0,19.68,,34.0,34.0,29.360000000000003,,34.0,34.0,30.139999999999997,,34.0,34.0,56.779999999999994,,34.0,34.0,53.339999999999996,,34.0,34.0,78.22,,34.0,34.0,34.879999999999995,,34.0,34.0,53.98,,34.0,34.0,56.6,,34.0,34.0,59.86,,34.0,34.0,73.72,,34.0,34.0,89.6,,34.0,34.0,88.22,,34.0,34.0,63.019999999999996,,34.0,34.0,66.82,,34.0,34.0,75.41999999999999,,34.0,34.0,77.25999999999999,,34.0,34.0,71.72,,34.0,34.0,70.91999999999999,,34.0,34.0,47.52,,34.0,34.0,46.2,,34.0,2025-02-04 12:55:49
"2025-02-04_ID8_Standing fan (daison, long)_Level3_Angle180_Distance150_Ta25_TskControl34.csv",855182.0,34.0,71.34,,34.0,3.0,99.2,31.2,34.0,34.0,74.8,,34.0,3.0,99.2,31.2,34.0,34.0,46.17999999999999,,34.0,3.0,99.2,31.2,34.0,34.0,68.74000000000001,,34.0,34.0,17.919999999999998,,34.0,34.0,42.18,,34.0,34.0,39.92,,34.0,34.0,60.760000000000005,,34.0,34.0,46.480000000000004,,34.0,34.0,72.4,,34.0,34.0,46.17999999999999,,34.0,34.0,75.03999999999999,,34.0,34.0,60.96,,34.0,34.0,100.93999999999998,,34.0,34.0,96.22,,34.0,34.0,122.82000000000001,,34.0,34.0,109.81999999999998,,34.0,34.0,104.88,,34.0,34.0,86.92,,34.0,34.0,105.88000000000002,,34.0,34.0,87.52,,34.0,34.0,77.53999999999999,,34.0,34.0,72.58,,34.0,34.0,47.519999999999996,,34.0,34.0,44.54,,34.0,2025-02-04 16:58:49
"2025-02-04_ID8_Standing fan (daison, long)_Level3_Angle225_Distance150_Ta25_TskControl34.csv",850322.0,34.0,70.52000000000001,,34.0,3.0,99.2,31.2,34.0,34.0,71.06,,34.0,3.0,99.2,31.2,34.0,34.0,42.42,,34.0,3.0,99.2,31.2,34.0,34.0,71.78,,34.0,34.0,17.559999999999995,,34.0,34.0,38.66,,34.0,34.0,34.42,,34.0,34.0,62.660000000000004,,34.0,34.0,46.3,,34.0,34.0,85.22,,34.0,34.0,42.42,,34.0,34.0,72.9,,34.0,34.0,56.92,,34.0,34.0,96.47999999999999,,34.0,34.0,93.26,,34.0,34.0,139.26,,34.0,34.0,119.55999999999999,,34.0,34.0,88.67999999999999,,34.0,34.0,78.5,,34.0,34.0,100.03999999999999,,34.0,34.0,93.05999999999999,,34.0,34.0,77.38,,34.0,34.0,73.17999999999999,,34.0,34.0,47.36,,34.0,34.0,44.58,,34.0,2025-02-04 15:37:49
"2025-02-04_ID8_Standing fan (daison, long)_Level3_Angle270_Distance150_Ta25_TskControl34.csv",842102.0,34.0,68.44,,34.0,3.0,99.2,31.2,34.0,34.0,74.1,,34.0,3.0,99.2,31.2,34.0,34.0,39.8,,34.0,3.0,99.2,31.2,34.0,34.0,76.28,,34.0,34.0,23.520000000000003,,34.0,34.0,36.28,,34.0,34.0,36.92,,34.0,34.0,65.34,,34.0,34.0,64.6,,34.0,34.0,94.54,,34.0,34.0,39.8,,34.0,34.0,60.67999999999999,,34.0,34.0,63.96,,34.0,34.0,69.38,,34.0,34.0,78.8,,34.0,34.0,100.2,,34.0,34.0,90.5,,34.0,34.0,72.4,,34.0,34.0,72.5,,34.0,34.0,85.4,,34.0,34.0,85.82000000000001,,34.0,34.0,86.44,,34.0,34.0,85.72,,34.0,34.0,52.92,,34.0,34.0,49.739999999999995,,34.0,2025-02-04 13:20:49
"2025-02-04_ID8_Standing fan (daison, long)_Level5_Angle180_Distance150_Ta25_TskControl34.csv",855962.0,34.0,77.13999999999999,,34.0,3.0,99.2,31.2,34.0,34.0,78.9,,34.0,3.0,99.2,31.2,34.0,34.0,48.5,,34.0,3.0,99.2,31.2,34.0,34.0,78.38,,34.0,34.0,17.54,,34.0,34.0,44.64,,34.0,34.0,41.82000000000001,,34.0,34.0,69.02000000000001,,34.0,34.0,52.86,,34.0,34.0,79.74,,34.0,34.0,48.5,,34.0,34.0,82.53999999999999,,34.0,34.0,65.62,,34.0,34.0,109.92,,34.0,34.0,104.54,,34.0,34.0,127.36000000000001,,34.0,34.0,117.8,,34.0,34.0,114.62,,34.0,34.0,93.48,,34.0,34.0,116.38,,34.0,34.0,98.5,,34.0,34.0,81.14000000000001,,34.0,34.0,74.38,,34.0,34.0,46.86,,34.0,34.0,48.739999999999995,,34.0,2025-02-04 17:11:49
"2025-02-04_ID8_Standing fan (daison, long)_Level5_Angle225_Distance150_Ta25_TskControl34.csv",851642.0,34.0,81.98,,34.0,3.0,99.2,31.2,34.0,34.0,83.0,,34.0,3.0,99.2,31.2,34.0,34.0,49.459999999999994,,34.0,3.0,99.2,31.2,34.0,34.0,80.44,,34.0,34.0,18.439999999999998,,34.0,34.0,43.7,,34.0,34.0,39.4,,34.0,34.0,67.58,,34.0,34.0,52.56,,34.0,34.0,91.76,,34.0,34.0,49.459999999999994,,34.0,34.0,82.7,,34.0,34.0,64.24,,34.0,34.0,112.12,,34.0,34.0,113.0,,34.0,34.0,183.18,,34.0,34.0,165.64000000000001,,34.0,34.0,111.12,,34.0,34.0,92.86,,34.0,34.0,115.3,,34.0,34.0,105.12,,34.0,34.0,88.9,,34.0,34.0,87.3,,34.0,34.0,45.44,,34.0,34.0,47.14,,34.0,2025-02-04 15:59:49
"2025-02-04_ID8_Standing fan (daison, long)_Level5_Angle270_Distance150_Ta25_TskControl34.csv",843242.0,34.0,75.17999999999999,,34.0,3.0,99.2,31.2,34.0,34.0,81.34,,34.0,3.0,99.2,31.2,34.0,34.0,43.4,,34.0,3.0,99.2,31.2,34.0,34.0,83.08,,34.0,34.0,26.159999999999997,,34.0,34.0,38.839999999999996,,34.0,34.0,39.0,,34.0,34.0,73.32000000000001,,34.0,34.0,71.47999999999999,,34.0,34.0,104.72,,34.0,34.0,43.4,,34.0,34.0,67.05999999999999,,34.0,34.0,68.4,,34.0,34.0,74.46,,34.0,34.0,84.74000000000001,,34.0,34.0,108.83999999999999,,34.0,34.0,97.34,,34.0,34.0,80.2,,34.0,34.0,79.46000000000001,,34.0,34.0,96.76,,34.0,34.0,96.06,,34.0,34.0,96.88000000000001,,34.0,34.0,94.62,,34.0,34.0,54.86,,34.0,34.0,51.44,,34.0,2025-02-04 13:39:49
"2025-02-04_ID8_Standing fan (daison, long)_Level8_Angle180_Distance150_Ta25_TskControl34.csv",856742.0,34.0,86.55999999999999,,34.0,3.0,99.2,31.2,34.0,34.0,85.86,,34.0,3.0,99.2,31.2,34.0,34.0,51.24000000000001,,34.0,3.0,99.2,31.2,34.0,34.0,85.5,,34.0,34.0,16.56,,34.0,34.0,49.080000000000005,,34.0,34.0,47.84,,34.0,34.0,76.4,,34.0,34.0,59.660000000000004,,34.0,34.0,88.53999999999999,,34.0,34.0,51.24000000000001,,34.0,34.0,90.76000000000002,,34.0,34.0,71.94,,34.0,34.0,127.1,,34.0,34.0,119.78,,34.0,34.0,159.66000000000003,,34.0,34.0,140.98,,34.0,34.0,130.07999999999998,,34.0,34.0,106.43999999999998,,34.0,34.0,135.06,,34.0,34.0,113.08,,34.0,34.0,87.56,,34.0,34.0,81.36,,34.0,34.0,47.239999999999995,,34.0,34.0,47.22,,34.0,2025-02-04 17:24:49
"2025-02-04_ID8_Standing fan (daison, long)_Level8_Angle225_Distance150_Ta25_TskControl34.csv",852362.0,34.0,88.46000000000001,,34.0,3.0,99.2,31.2,34.0,34.0,88.6,,34.0,3.0,99.2,31.2,34.0,34.0,53.419999999999995,,34.0,3.0,99.2,31.2,34.0,34.0,89.52000000000001,,34.0,34.0,19.14,,34.0,34.0,46.3,,34.0,34.0,42.9,,34.0,34.0,73.7,,34.0,34.0,57.64000000000001,,34.0,34.0,96.2,,34.0,34.0,53.419999999999995,,34.0,34.0,87.7,,34.0,34.0,67.7,,34.0,34.0,122.42,,34.0,34.0,124.22,,34.0,33.94,202.8,,33.94,34.0,191.71999999999997,,34.0,34.0,119.35999999999999,,34.0,34.0,100.61999999999999,,34.0,34.0,124.78,,34.0,34.0,111.22,,34.0,34.0,94.76,,34.0,34.0,94.08,,34.0,34.0,48.76,,34.0,34.0,47.32000000000001,,34.0,2025-02-04 16:11:49
"2025-02-04_ID8_Standing fan (daison, long)_Level8_Angle270_Distance150_Ta25_TskControl34.csv",844322.0,34.0,83.14,,34.0,3.0,99.2,31.2,34.0,34.0,89.79999999999998,,34.0,3.0,99.2,31.2,34.0,34.0,48.7,,34.0,3.0,99.2,31.2,34.0,34.0,89.97999999999999,,34.0,34.0,27.839999999999996,,34.0,34.0,43.52,,34.0,34.0,42.4,,34.0,34.0,80.64000000000001,,34.0,34.0,79.34,,34.0,34.0,116.52000000000001,,34.0,34.0,48.7,,34.0,34.0,69.67999999999999,,34.0,34.0,72.3,,34.0,34.0,79.16,,34.0,34.0,93.32000000000001,,34.0,34.0,113.3,,34.0,34.0,110.3,,34.0,34.0,89.78,,34.0,34.0,88.2,,34.0,34.0,110.9,,34.0,34.0,113.72,,34.0,34.0,108.64000000000001,,34.0,34.0,105.18000000000002,,34.0,34.0,56.620000000000005,,34.0,34.0,53.7,,34.0,2025-02-04 13:57:49
2025-02-05_ID0_NoPCS_Ta25_TskControl34.csv,916862.0,34.0,58.67999999999999,,34.0,3.0,99.2,31.2,34.0,34.0,65.52,,34.0,3.0,99.2,31.2,34.0,34.0,47.92,,34.0,3.0,99.2,31.2,34.0,34.0,52.92,,34.0,34.0,18.04,,34.0,34.0,33.02,,34.0,34.0,38.1,,34.0,34.0,41.24,,34.0,34.0,44.06,,34.0,34.0,61.879999999999995,,34.0,34.0,47.92,,34.0,34.0,49.419999999999995,,34.0,34.0,56.839999999999996,,34.0,34.0,60.81999999999999,,34.0,34.0,68.94,,34.0,34.0,95.72,,34.0,34.0,84.4,,34.0,34.0,63.38000000000001,,34.0,34.0,74.67999999999999,,34.0,34.0,75.34,,34.0,34.0,80.02,,34.0,34.0,72.92,,34.0,34.0,76.22,,34.0,34.0,49.58,,34.0,34.0,48.7,,34.0,2025-02-05 10:06:51
2025-02-05_ID7_Handheld fan_Level1_Angle90_Distance60_Ta25_TskControl34.csv,917702.0,34.0,59.720000000000006,,34.0,3.0,99.2,31.2,34.0,34.0,63.760000000000005,,34.0,3.0,99.2,31.2,34.0,34.0,43.559999999999995,,34.0,3.0,99.2,31.2,34.0,34.0,124.35999999999999,,34.0,34.0,23.080000000000002,,34.0,34.0,32.68,,34.0,34.0,35.540000000000006,,34.0,34.0,39.98,,34.0,34.0,43.3,,34.0,34.0,58.6,,34.0,34.0,43.559999999999995,,34.0,34.0,47.96,,34.0,34.0,56.58,,34.0,34.0,61.92,,34.0,34.0,71.74000000000001,,34.0,34.0,94.52000000000001,,34.0,34.0,87.17999999999999,,34.0,34.0,60.92,,34.0,34.0,71.04,,34.0,34.0,72.9,,34.0,34.0,76.91999999999999,,34.0,34.0,71.46000000000001,,34.0,34.0,74.1,,34.0,34.0,48.32,,34.0,34.0,47.64,,34.0,2025-02-05 10:20:51
2025-02-05_ID7_Handheld fan_Level2_Angle90_Distance60_Ta25_TskControl34.csv,918422.0,34.0,60.3,,34.0,3.0,99.2,31.2,34.0,34.0,63.64,,34.0,3.0,99.2,31.2,34.0,34.0,40.96,,34.0,3.0,99.2,31.2,34.0,34.0,139.13999999999996,,34.0,34.0,26.920000000000005,,34.0,34.0,32.22,,34.0,34.0,36.739999999999995,,34.0,34.0,39.08,,34.0,34.0,43.400000000000006,,34.0,34.0,58.64,,34.0,34.0,40.96,,34.0,34.0,48.22,,34.0,34.0,56.28000000000001,,34.0,34.0,62.260000000000005,,34.0,34.0,72.02000000000001,,34.0,34.0,97.9,,34.0,34.0,90.63999999999999,,34.0,34.0,60.04,,34.0,34.0,70.2,,34.0,34.0,72.2,,34.0,34.0,75.4,,34.0,34.0,71.46,,34.0,34.0,73.96000000000001,,34.0,34.0,49.08,,34.0,34.0,48.0,,34.0,2025-02-05 10:32:51
2025-02-05_ID7_Handheld fan_Level3_Angle90_Distance60_Ta25_TskControl34.csv,919442.0,34.0,59.94,,34.0,3.0,99.2,31.2,34.0,34.0,61.82000000000001,,34.0,3.0,99.2,31.2,34.0,34.0,38.160000000000004,,34.0,3.0,99.2,31.2,34.0,34.0,143.56,,34.0,34.0,31.619999999999997,,34.0,34.0,30.580000000000002,,34.0,34.0,35.54,,34.0,34.0,38.04,,34.0,34.0,42.46,,34.0,34.0,58.9,,34.0,34.0,38.160000000000004,,34.0,34.0,47.94,,34.0,34.0,56.1,,34.0,34.0,62.4,,34.0,34.0,73.47999999999999,,34.0,34.0,98.34,,34.0,34.0,91.05999999999999,,34.0,34.0,59.17999999999999,,34.0,34.0,67.6,,34.0,34.0,72.72,,34.0,34.0,76.25999999999999,,34.0,34.0,68.66,,34.0,34.0,71.16,,34.0,34.0,47.56,,34.0,34.0,48.04,,34.0,2025-02-05 10:49:51
2025-02-05_ID9_Standing fan (DeLonghi)_High_Angle270_Distance150_Ta25_TskControl34.csv,940982.0,34.0,68.1,,34.0,3.0,99.2,31.2,34.0,34.0,64.52000000000001,,34.0,3.0,99.2,31.2,34.0,34.0,38.019999999999996,,34.0,3.0,99.2,31.2,34.0,34.0,98.12,,34.0,34.0,38.44,,34.0,34.0,34.82,,34.0,34.0,36.76,,34.0,34.0,80.69999999999999,,34.0,34.0,72.42,,34.0,34.0,78.8,,34.0,34.0,38.019999999999996,,34.0,34.0,69.58,,34.0,34.0,67.88000000000001,,34.0,34.0,74.0,,34.0,34.0,87.0,,34.0,34.0,114.78,,34.0,34.0,105.74000000000001,,34.0,34.0,70.1,,34.0,34.0,71.58,,34.0,34.0,77.62,,34.0,34.0,75.66,,34.0,34.0,69.47999999999999,,34.0,34.0,72.1,,34.0,34.0,46.82000000000001,,34.0,34.0,46.22,,34.0,2025-02-05 16:48:51
2025-02-05_ID9_Standing fan (DeLonghi)_Mid_Angle270_Distance150_Ta25_TskControl34.csv,939122.0,34.0,66.58,,34.0,3.0,99.2,31.2,34.0,34.0,64.38,,34.0,3.0,99.2,31.2,34.0,34.0,38.1,,34.0,3.0,99.2,31.2,34.0,34.0,91.88000000000001,,34.0,34.0,33.779999999999994,,34.0,34.0,34.199999999999996,,34.0,34.0,35.18,,34.0,34.0,75.18,,34.0,34.0,66.5,,34.0,34.0,77.08000000000001,,34.0,34.0,38.1,,34.0,34.0,67.56,,34.0,34.0,64.72,,34.0,34.0,77.04,,34.0,34.0,85.97999999999999,,34.0,34.0,115.46,,34.0,34.0,104.8,,34.0,34.0,67.6,,34.0,34.0,70.92,,34.0,34.0,77.36,,34.0,34.0,75.05999999999999,,34.0,34.0,69.47999999999999,,34.0,34.0,72.73999999999998,,34.0,34.0,48.7,,34.0,34.0,46.580000000000005,,34.0,2025-02-05 16:17:51
2025-02-05_ID9_Standing fan (Sunbeam)_Level1_Angle180_Distance150_Ta25_TskControl34.csv,934082.0,34.0,66.05999999999999,,34.0,3.0,99.2,31.2,34.0,34.0,64.17999999999999,,34.0,3.0,99.2,31.2,34.0,34.0,44.1,,34.0,3.0,99.2,31.2,34.0,34.0,89.11999999999999,,34.0,34.0,22.919999999999998,,34.0,34.0,42.160000000000004,,34.0,34.0,40.2,,34.0,34.0,59.81999999999999,,34.0,34.0,47.660000000000004,,34.0,34.0,60.660000000000004,,34.0,34.0,44.1,,34.0,34.0,76.25999999999999,,34.0,34.0,52.739999999999995,,34.0,34.0,99.92,,34.0,34.0,109.25999999999999,,34.0,34.0,150.45999999999998,,34.0,34.0,147.73999999999998,,34.0,34.0,77.35999999999999,,34.0,34.0,70.66,,34.0,34.0,67.8,,34.0,34.0,66.23999999999998,,34.0,34.0,67.92,,34.0,34.0,66.44000000000001,,34.0,34.0,46.779999999999994,,34.0,34.0,44.699999999999996,,34.0,2025-02-05 14:53:51
2025-02-05_ID9_Standing fan (Sunbeam)_Level1_Angle225_Distance150_Ta25_TskControl34.csv,929042.0,34.0,71.02000000000001,,34.0,3.0,99.2,31.2,34.0,34.0,70.54,,34.0,3.0,99.2,31.2,34.0,34.0,43.760000000000005,,34.0,3.0,99.2,31.2,34.0,34.0,91.16,,34.0,34.0,29.3,,34.0,34.0,41.44,,34.0,34.0,36.02,,34.0,34.0,66.16,,34.0,34.0,52.11999999999999,,34.0,34.0,65.16,,34.0,34.0,43.760000000000005,,34.0,34.0,76.0,,34.0,34.0,60.0,,34.0,34.0,95.84,,34.0,34.0,100.12,,34.0,34.0,158.24,,34.0,34.0,149.07999999999998,,34.0,34.0,99.24000000000001,,34.0,34.0,86.66,,34.0,34.0,81.72,,34.0,34.0,75.84,,34.0,34.0,70.16,,34.0,34.0,68.42,,34.0,34.0,47.68,,34.0,34.0,44.620000000000005,,34.0,2025-02-05 13:29:51
2025-02-05_ID9_Standing fan (Sunbeam)_Level1_Angle270_Distance150_Ta25_TskControl34.csv,923102.0,34.0,66.47999999999999,,34.0,3.0,99.2,31.2,34.0,34.0,65.82000000000001,,34.0,3.0,99.2,31.2,34.0,34.0,38.160000000000004,,34.0,3.0,99.2,31.2,34.0,34.0,90.20000000000002,,34.0,34.0,41.720000000000006,,34.0,34.0,33.18,,34.0,34.0,35.78,,34.0,34.0,69.05999999999999,,34.0,34.0,62.4,,34.0,34.0,67.85999999999999,,34.0,34.0,38.160000000000004,,34.0,34.0,66.8,,34.0,34.0,64.58,,34.0,34.0,81.74,,34.0,34.0,85.8,,34.0,34.0,129.16,,34.0,34.0,102.08,,34.0,34.0,71.75999999999999,,34.0,34.0,69.97999999999999,,34.0,34.0,73.75999999999999,,34.0,34.0,77.38,,34.0,34.0,69.64,,34.0,34.0,74.64000000000001,,34.0,34.0,47.32000000000001,,34.0,34.0,47.7,,34.0,2025-02-05 11:50:51
2025-02-05_ID9_Standing fan (Sunbeam)_Level3_Angle225_Distance150_Ta25_TskControl34.csv,931862.0,34.0,81.78,,34.0,3.0,99.2,31.2,34.0,34.0,76.74,,34.0,3.0,99.2,31.2,34.0,34.0,48.43999999999999,,34.0,3.0,99.2,31.2,34.0,34.0,108.17999999999999,,34.0,34.0,31.2,,34.0,34.0,46.2,,34.0,34.0,39.54,,34.0,34.0,77.22,,34.0,34.0,63.14,,34.0,34.0,74.12,,34.0,34.0,48.43999999999999,,34.0,34.0,89.63999999999999,,34.0,34.0,64.66,,34.0,34.0,117.31999999999998,,34.0,34.0,118.54,,34.0,33.96,202.6,,33.980000000000004,34.0,201.48,,34.0,34.0,112.78,,34.0,34.0,101.64,,34.0,34.0,93.28,,34.0,34.0,82.62,,34.0,34.0,76.5,,34.0,34.0,74.74000000000001,,34.0,34.0,46.339999999999996,,34.0,34.0,44.160000000000004,,34.0,2025-02-05 14:16:51
2025-02-05_ID9_Standing fan (Sunbeam)_Level4_Angle180_Distance150_Ta25_TskControl34.csv,935342.0,34.0,79.99999999999999,,34.0,3.0,99.2,31.160000000000004,34.0,34.0,71.42,,34.0,3.0,99.2,31.2,34.0,34.0,53.8,,34.0,3.0,99.2,31.2,34.0,34.0,118.62,,34.0,34.0,23.06,,34.0,34.0,48.160000000000004,,34.0,34.0,46.080000000000005,,34.0,34.0,75.14,,34.0,34.0,62.54,,34.0,34.0,69.14,,34.0,34.0,53.8,,34.0,34.0,91.33999999999999,,34.0,34.0,71.2,,34.0,34.0,121.75999999999999,,34.0,34.0,134.82,,34.0,33.86,202.94,,33.86,34.0,200.92,,34.0,34.0,104.23999999999998,,34.0,34.0,89.48,,34.0,34.0,84.78,,34.0,34.0,77.4,,34.0,34.0,67.96,,34.0,34.0,70.22,,34.0,34.0,45.620000000000005,,34.0,34.0,45.14,,34.0,2025-02-05 15:14:51
2025-02-05_ID9_Standing fan (Sunbeam)_Level4_Angle225_Distance150_Ta25_TskControl34.csv,932342.0,34.0,82.16,,34.0,3.0,99.2,31.2,34.0,34.0,76.66,,34.0,3.0,99.2,31.2,34.0,34.0,48.720000000000006,,34.0,3.0,99.2,31.2,34.0,34.0,110.80000000000003,,34.0,34.0,34.62,,34.0,34.0,47.68,,34.0,34.0,38.540000000000006,,34.0,34.0,78.7,,34.0,34.0,64.92,,34.0,34.0,73.67999999999999,,34.0,34.0,48.720000000000006,,34.0,34.0,89.34,,34.0,34.0,62.92,,34.0,34.0,117.52000000000001,,34.0,34.0,116.42,,34.0,33.92,202.87999999999997,,33.92,34.0,204.8,,34.0,34.0,113.4,,34.0,34.0,102.08000000000001,,34.0,34.0,93.12,,34.0,34.0,83.0,,34.0,34.0,75.62,,34.0,34.0,74.17999999999999,,34.0,34.0,47.260000000000005,,34.0,34.0,44.3,,34.0,2025-02-05 14:24:51
2025-02-05_ID9_Standing fan (Sunbeam)_Level4_Angle270_Distance150_Ta25_TskControl34.csv,926402.0,34.0,78.35999999999999,,34.0,3.0,99.2,31.2,34.0,34.0,71.8,,34.0,3.0,99.2,31.2,34.0,34.0,42.120000000000005,,34.0,3.0,99.2,31.2,34.0,34.0,120.7,,34.0,34.0,61.42,,34.0,34.0,40.12,,34.0,34.0,41.82,,34.0,34.0,90.5,,34.0,34.0,78.84,,34.0,34.0,81.14,,34.0,34.0,42.120000000000005,,34.0,34.0,78.03999999999999,,34.0,34.0,72.6,,34.0,34.0,97.0,,34.0,34.0,97.1,,34.0,34.0,172.98,,34.0,34.0,127.72,,34.0,34.0,82.32000000000001,,34.0,34.0,67.6,,34.0,34.0,87.8,,34.0,34.0,91.72,,34.0,34.0,78.53999999999999,,34.0,34.0,78.08,,34.0,34.0,48.98,,34.0,34.0,48.36,,34.0,2025-02-05 12:45:51
2025-02-05_ID9_Standing fan (Sunbeam)_Level6_Angle180_Distance150_Ta25_TskControl34.csv,936122.0,33.9,93.12,,33.9,3.0,99.08,31.1,33.9,34.0,77.97999999999999,,34.0,3.0,99.2,31.2,34.0,34.0,60.620000000000005,,34.0,3.0,99.2,31.2,34.0,34.0,158.5,,34.0,34.0,35.2,,34.0,34.0,56.64,,34.0,34.0,53.720000000000006,,34.0,34.0,94.2,,34.0,34.0,79.78,,34.0,34.0,79.64000000000001,,34.0,34.0,60.620000000000005,,34.0,34.0,109.32000000000001,,34.0,34.0,79.53999999999999,,34.0,34.0,143.8,,34.0,34.0,161.67999999999998,,34.0,32.81999999999999,203.78,,32.81999999999999,32.86,213.9,,32.88000000000001,34.0,124.35999999999999,,34.0,34.0,110.38,,34.0,34.0,103.47999999999999,,34.0,34.0,91.28,,34.0,34.0,70.17999999999999,,34.0,34.0,74.17999999999999,,34.0,34.0,46.580000000000005,,34.0,34.0,46.10000000000001,,34.0,2025-02-05 15:27:51
2025-02-05_ID9_Standing fan (Sunbeam)_Level6_Angle225_Distance150_Ta25_TskControl34.csv,933062.0,33.9,94.52,,33.9,3.0,99.0,31.1,33.9,34.0,87.48,,34.0,3.0,99.2,31.2,34.0,34.0,53.98,,34.0,3.0,99.2,31.2,34.0,34.0,134.79999999999998,,34.0,34.0,43.7,,34.0,34.0,51.44000000000001,,34.0,34.0,42.36,,34.0,34.0,96.34,,34.0,34.0,79.67999999999999,,34.0,34.0,81.67999999999999,,34.0,34.0,53.98,,34.0,34.0,107.08,,34.0,34.0,67.34,,34.0,34.0,138.28,,34.0,34.0,140.54000000000002,,34.0,32.36,204.18,,32.339999999999996,32.72,214.1,,32.72,34.0,133.7,,34.0,34.0,119.62,,34.0,34.0,112.84,,34.0,34.0,100.52000000000001,,34.0,34.0,87.86,,34.0,34.0,86.73999999999998,,34.0,34.0,44.62,,34.0,34.0,44.5,,34.0,2025-02-05 14:36:51
2025-02-05_ID9_Standing fan (Sunbeam)_Level6_Angle270_Distance150_Ta25_TskControl34.csv,927242.0,34.0,91.02,,34.0,3.0,99.2,31.1,34.0,34.0,81.22,,34.0,3.0,99.2,31.2,34.0,34.0,46.760000000000005,,34.0,3.0,99.2,31.2,34.0,34.0,146.95999999999998,,34.0,34.0,83.64000000000001,,34.0,34.0,47.5,,34.0,34.0,47.4,,34.0,34.0,113.63999999999999,,34.0,34.0,98.05999999999999,,34.0,34.0,92.28,,34.0,34.0,46.760000000000005,,34.0,34.0,88.38,,34.0,34.0,80.32000000000001,,34.0,34.0,114.62,,34.0,34.0,110.02000000000001,,34.0,33.34,203.3,,33.36,34.0,156.1,,34.0,34.0,97.61999999999998,,34.0,34.0,76.26000000000002,,34.0,34.0,101.32000000000001,,34.0,34.0,96.58,,34.0,34.0,90.11999999999999,,34.0,34.0,88.35999999999999,,34.0,34.0,48.14,,34.0,34.0,50.94,,34.0,2025-02-05 12:59:51
2025-02-07_ID0_NoPCS_Ta25_TskControl34.csv,1113482.0,34.0,50.519999999999996,,34.0,3.0,99.2,31.2,34.0,34.0,56.94,,34.0,3.0,99.2,31.2,34.0,34.0,30.060000000000002,,34.0,3.0,99.2,31.2,34.0,34.0,49.379999999999995,,34.0,34.0,18.06,,34.0,34.0,27.079999999999995,,34.0,34.0,31.72,,34.0,34.0,34.44,,34.0,34.0,39.339999999999996,,34.0,34.0,55.660000000000004,,34.0,34.0,30.060000000000002,,34.0,34.0,45.940000000000005,,34.0,34.0,55.17999999999999,,34.0,34.0,53.71999999999999,,34.0,34.0,62.78000000000001,,34.0,34.0,68.26,,34.0,34.0,64.32,,34.0,34.0,43.1,,34.0,34.0,52.02,,34.0,34.0,69.78,,34.0,34.0,73.84,,34.0,34.0,66.88,,34.0,34.0,70.64,,34.0,34.0,45.62,,34.0,34.0,46.260000000000005,,34.0,2025-02-07 16:43:54
2025-02-07_ID10_Standing fan (DeLonghi)_High_Angle180_Distance150_Ta25_TskControl34.csv,1118432.0,34.0,65.61666666666667,,34.0,3.0,99.2,31.2,34.0,34.0,62.150000000000006,,34.0,3.0,99.2,31.2,34.0,34.0,41.949999999999996,,34.0,3.0,99.2,31.2,34.0,34.0,97.93333333333332,,34.0,34.0,23.833333333333332,,34.0,34.0,43.050000000000004,,34.0,34.0,38.18333333333333,,34.0,34.0,59.86666666666667,,34.0,34.0,50.5,,34.0,34.0,58.78333333333333,,34.0,34.0,41.949999999999996,,34.0,34.0,80.61666666666666,,34.0,34.0,55.883333333333326,,34.0,34.0,114.64999999999999,,34.0,34.0,102.06666666666666,,34.0,34.0,142.08333333333334,,34.0,34.0,117.19999999999999,,34.0,34.0,77.61666666666666,,34.0,34.0,70.46666666666667,,34.0,34.0,70.46666666666667,,34.0,34.0,66.96666666666665,,34.0,34.0,64.93333333333332,,34.0,34.0,62.05000000000001,,34.0,34.0,46.31666666666667,,34.0,34.0,43.583333333333336,,34.0,2025-02-07 18:06:24
2025-02-07_ID10_Standing fan (DeLonghi)_High_Angle225_Distance150_Ta25_TskControl34.csv,1115882.0,34.0,60.94,,34.0,3.0,99.2,31.2,34.0,34.0,60.080000000000005,,34.0,3.0,99.2,31.2,34.0,34.0,31.940000000000005,,34.0,3.0,99.2,31.2,34.0,34.0,110.8,,34.0,34.0,37.58,,34.0,34.0,37.839999999999996,,34.0,34.0,35.96,,34.0,34.0,63.660000000000004,,34.0,34.0,54.68000000000001,,34.0,34.0,52.720000000000006,,34.0,34.0,31.940000000000005,,34.0,34.0,68.46000000000001,,34.0,34.0,60.019999999999996,,34.0,34.0,61.58,,34.0,34.0,83.56,,34.0,34.0,91.86000000000001,,34.0,34.0,104.8,,34.0,34.0,53.8,,34.0,34.0,61.39999999999999,,34.0,34.0,67.76,,34.0,34.0,71.04,,34.0,34.0,68.2,,34.0,34.0,70.76,,34.0,34.0,46.9,,34.0,34.0,46.72,,34.0,2025-02-07 17:23:54
2025-02-07_ID10_Standing fan (DeLonghi)_Low_Angle180_Distance150_Ta25_TskControl34.csv,1116902.0,34.0,60.0,,34.0,3.0,99.2,31.2,34.0,34.0,58.84000000000001,,34.0,3.0,99.2,31.2,34.0,34.0,36.8,,34.0,3.0,99.2,31.2,34.0,34.0,88.42,,34.0,34.0,21.660000000000004,,34.0,34.0,39.620000000000005,,34.0,34.0,35.36,,34.0,34.0,53.56,,34.0,34.0,44.980000000000004,,34.0,34.0,57.08,,34.0,34.0,36.8,,34.0,34.0,73.53999999999999,,34.0,34.0,54.279999999999994,,34.0,34.0,89.66,,34.0,34.0,87.68,,34.0,34.0,112.8,,34.0,34.0,103.55999999999999,,34.0,34.0,66.28,,34.0,34.0,65.18,,34.0,34.0,66.64,,34.0,34.0,66.91999999999999,,34.0,34.0,63.14,,34.0,34.0,61.3,,34.0,34.0,45.96,,34.0,34.0,44.04,,34.0,2025-02-07 17:40:54
2025-02-07_ID10_Standing fan (DeLonghi)_Low_Angle225_Distance150_Ta25_TskControl34.csv,1114442.0,34.0,55.96,,34.0,3.0,99.2,31.2,34.0,34.0,57.17999999999999,,34.0,3.0,99.2,31.2,34.0,34.0,30.7,,34.0,3.0,99.2,31.2,34.0,34.0,91.5,,34.0,34.0,33.64,,34.0,34.0,32.220000000000006,,34.0,34.0,33.019999999999996,,34.0,34.0,51.9,,34.0,34.0,46.779999999999994,,34.0,34.0,54.18000000000001,,34.0,34.0,30.7,,34.0,34.0,60.44000000000001,,34.0,34.0,56.84000000000001,,34.0,34.0,53.260000000000005,,34.0,34.0,71.04,,34.0,34.0,75.86,,34.0,34.0,85.47999999999999,,34.0,34.0,47.160000000000004,,34.0,34.0,54.3,,34.0,34.0,69.98,,34.0,34.0,73.76000000000002,,34.0,34.0,66.67999999999999,,34.0,34.0,68.02000000000001,,34.0,34.0,46.16,,34.0,34.0,45.760000000000005,,34.0,2025-02-07 16:59:54
2025-02-07_ID10_Standing fan (DeLonghi)_Mid_Angle180_Distance150_Ta25_TskControl34.csv,1117682.0,34.0,61.86,,34.0,3.0,99.2,31.2,34.0,34.0,61.8,,34.0,3.0,99.2,31.2,34.0,34.0,39.68,,34.0,3.0,99.2,31.2,34.0,34.0,98.4,,34.0,34.0,23.360000000000003,,34.0,34.0,42.3,,34.0,34.0,37.86,,34.0,34.0,59.339999999999996,,34.0,34.0,49.279999999999994,,34.0,34.0,58.67999999999999,,34.0,34.0,39.68,,34.0,34.0,76.38,,34.0,34.0,55.58,,34.0,34.0,82.32,,34.0,34.0,82.11999999999999,,34.0,34.0,102.64000000000001,,34.0,34.0,102.1,,34.0,34.0,73.75999999999999,,34.0,34.0,67.72,,34.0,34.0,68.79999999999998,,34.0,34.0,67.34,,34.0,34.0,65.54,,34.0,34.0,63.46,,34.0,34.0,46.9,,34.0,34.0,43.44,,34.0,2025-02-07 17:53:54
2025-02-07_ID10_Standing fan (DeLonghi)_Mid_Angle225_Distance150_Ta25_TskControl34.csv,1115222.0,34.0,58.8,,34.0,3.0,99.2,31.2,34.0,34.0,59.08,,34.0,3.0,99.2,31.2,34.0,34.0,31.72,,34.0,3.0,99.2,31.2,34.0,34.0,103.47999999999999,,34.0,34.0,36.220000000000006,,34.0,34.0,36.160000000000004,,34.0,34.0,35.14,,34.0,34.0,60.36,,34.0,34.0,52.160000000000004,,34.0,34.0,52.52,,34.0,34.0,31.72,,34.0,34.0,66.06000000000002,,34.0,34.0,58.4,,34.0,34.0,59.220000000000006,,34.0,34.0,76.14,,34.0,34.0,83.82000000000001,,34.0,34.0,93.28,,34.0,34.0,51.0,,34.0,34.0,58.96,,34.0,34.0,67.42,,34.0,34.0,70.34,,34.0,34.0,68.0,,34.0,34.0,69.96000000000001,,34.0,34.0,47.339999999999996,,34.0,34.0,45.92,,34.0,2025-02-07 17:12:54
2025-02-07_ID19_Hand warmer (desk mat)_Level1_Ta25_TskControl34.csv,1112282.0,34.0,44.339999999999996,,34.0,3.0,99.3,31.2,34.0,34.0,57.260000000000005,,34.0,3.0,99.2,31.2,34.0,34.0,29.880000000000003,,34.0,3.0,99.2,31.2,34.0,34.0,48.54,,34.0,34.0,18.56,,34.0,34.0,25.3,,34.0,34.0,31.0,,34.0,34.0,35.720000000000006,,34.0,34.0,38.9,,34.0,34.0,55.160000000000004,,34.0,34.0,29.880000000000003,,34.0,34.0,46.14,,34.0,34.0,56.8,,34.0,34.0,26.2,,34.0,34.9,0.0,,34.9,34.3,0.0,,34.28,34.059999999999995,0.0,,34.08,34.0,42.8,,34.0,34.0,50.86,,34.0,34.0,69.55999999999999,,34.0,34.0,73.66,,34.0,34.0,68.32000000000001,,34.0,34.0,70.22,,34.0,34.0,46.279999999999994,,34.0,34.0,46.38,,34.0,2025-02-07 16:23:54
2025-02-07_ID19_Hand warmer (desk mat)_Level3_Ta25_TskControl34.csv,1110362.0,34.0,43.96,,34.0,3.0,99.22,31.2,34.0,34.0,56.7,,34.0,3.0,99.2,31.2,34.0,34.0,28.940000000000005,,34.0,3.0,99.2,31.2,34.0,34.0,46.86,,34.0,34.0,18.060000000000002,,34.0,34.0,25.28,,34.0,34.0,30.660000000000004,,34.0,34.0,34.6,,34.0,34.0,38.08,,34.0,34.0,54.64,,34.0,34.0,28.940000000000005,,34.0,34.0,46.36,,34.0,34.0,55.56,,34.0,34.0,27.9,,34.0,34.4,0.0,,34.38,34.3,0.0,,34.3,33.980000000000004,2.64,,34.0,34.0,45.92,,34.0,34.0,52.019999999999996,,34.0,34.0,69.08000000000001,,34.0,34.0,71.62,,34.0,34.0,64.94000000000001,,34.0,34.0,69.02000000000001,,34.0,34.0,45.879999999999995,,34.0,34.0,46.040000000000006,,34.0,2025-02-07 15:51:54
2025-02-07_ID19_Hand warmer (desk mat)_Level5_Ta25_TskControl34.csv,1111442.0,34.0,44.82,,34.0,3.0,99.3,31.2,34.0,34.0,57.64,,34.0,3.0,99.2,31.2,34.0,34.0,30.18,,34.0,3.0,99.2,31.2,34.0,34.0,47.06,,34.0,34.0,18.639999999999997,,34.0,34.0,26.079999999999995,,34.0,34.0,30.68,,34.0,34.0,36.08,,34.0,34.0,38.800000000000004,,34.0,34.0,55.28000000000001,,34.0,34.0,30.18,,34.0,34.0,46.56,,34.0,34.0,56.839999999999996,,34.0,34.0,34.06,,34.0,34.660000000000004,0.0,,34.660000000000004,34.379999999999995,0.0,,34.36,34.0,0.9399999999999998,,33.980000000000004,34.0,43.9,,34.0,34.0,51.98,,34.0,34.0,69.76,,34.0,34.0,73.35999999999999,,34.0,34.0,67.52000000000001,,34.0,34.0,71.56,,34.0,34.0,46.32,,34.0,34.0,46.48,,34.0,2025-02-07 16:09:54
2025-02-10_ID0_NoPCS_Ta25_TskControl34.csv,1356722.0,34.0,55.61999999999999,,34.0,3.0,99.2,31.2,34.0,34.0,63.120000000000005,,34.0,3.0,99.2,31.2,34.0,34.0,33.58,,34.0,3.0,99.2,31.2,34.0,34.0,50.14,,34.0,34.0,17.82,,34.0,34.0,28.6,,34.0,34.0,32.58,,34.0,34.0,36.92,,34.0,34.0,40.34,,34.0,34.0,57.260000000000005,,34.0,34.0,33.58,,34.0,34.0,49.7,,34.0,34.0,55.02,,34.0,34.0,63.120000000000005,,34.0,34.0,75.99999999999999,,34.0,34.0,94.08,,34.0,34.0,82.03999999999999,,34.0,34.0,61.0,,34.0,34.0,66.06,,34.0,34.0,73.96000000000001,,34.0,34.0,75.08,,34.0,34.0,70.03999999999999,,34.0,34.0,71.96,,34.0,34.0,49.68,,34.0,34.0,48.56,,34.0,2025-02-10 12:17:59
2025-02-10_ID11_Midiam evaporative cooler (purple)_Level1_Angle135_Distance60_Ta25_TskControl34.csv,1375202.0,34.0,54.08,,34.0,3.0,99.2,31.2,34.0,34.0,63.220000000000006,,34.0,3.0,99.2,31.2,34.0,34.0,25.72,,34.0,3.0,99.2,31.2,34.0,34.0,58.339999999999996,,34.0,34.0,16.9,,34.0,34.0,27.74,,34.0,34.0,26.68,,34.0,34.0,37.32,,34.0,34.0,33.36,,34.0,34.0,48.58,,34.0,34.0,25.72,,34.0,34.0,50.480000000000004,,34.0,34.0,47.720000000000006,,34.0,34.0,70.34,,34.0,34.0,70.53999999999999,,34.0,34.0,103.46,,34.0,34.0,82.03999999999999,,34.0,34.0,61.879999999999995,,34.0,34.0,61.75999999999999,,34.0,34.0,77.46000000000001,,34.0,34.0,71.62,,34.0,34.0,72.96000000000001,,34.0,34.0,70.4,,34.0,34.0,48.0,,34.0,34.0,46.7,,34.0,2025-02-10 17:25:59
2025-02-10_ID11_Midiam evaporative cooler (purple)_Level2_Angle135_Distance60_Ta25_TskControl34.csv,1375952.0,34.0,55.050000000000004,,34.0,3.0,99.2,31.2,34.0,34.0,63.61666666666667,,34.0,3.0,99.2,31.2,34.0,34.0,27.05,,34.0,3.0,99.2,31.2,34.0,34.0,65.83333333333333,,34.0,34.0,18.200000000000003,,34.0,34.0,27.933333333333334,,34.0,34.0,27.183333333333337,,34.0,34.0,36.81666666666666,,34.0,34.0,35.15,,34.0,34.0,50.73333333333333,,34.0,34.0,27.05,,34.0,34.0,50.25,,34.0,34.0,49.06666666666666,,34.0,34.0,71.86666666666667,,34.0,34.0,71.98333333333333,,34.0,34.0,105.13333333333333,,34.0,34.0,84.41666666666667,,34.0,34.0,62.0,,34.0,34.0,63.5,,34.0,34.0,76.26666666666667,,34.0,34.0,71.0,,34.0,34.0,73.5,,34.0,34.0,70.71666666666667,,34.0,34.0,48.53333333333333,,34.0,34.0,47.19999999999999,,34.0,2025-02-10 17:38:29
2025-02-10_ID11_Midiam evaporative cooler (purple)_Level3_Angle135_Distance60_Ta25_TskControl34.csv,1376702.0,34.0,55.92,,34.0,3.0,99.2,31.2,34.0,34.0,63.92,,34.0,3.0,99.2,31.2,34.0,34.0,29.26,,34.0,3.0,99.2,31.2,34.0,34.0,74.35999999999999,,34.0,34.0,19.919999999999998,,34.0,34.0,28.54,,34.0,34.0,27.859999999999996,,34.0,34.0,36.74,,34.0,34.0,36.739999999999995,,34.0,34.0,52.980000000000004,,34.0,34.0,29.26,,34.0,34.0,50.62,,34.0,34.0,49.34000000000001,,34.0,34.0,72.74,,34.0,34.0,72.2,,34.0,34.0,107.1,,34.0,34.0,83.24000000000001,,34.0,34.0,63.56,,34.0,34.0,62.9,,34.0,34.0,75.46000000000001,,34.0,34.0,72.48,,34.0,34.0,72.24,,34.0,34.0,70.96000000000001,,34.0,34.0,49.339999999999996,,34.0,34.0,47.879999999999995,,34.0,2025-02-10 17:50:59
2025-02-10_ID11_Midiam evaporative cooler (purple)_Level4_Angle135_Distance60_Ta25_TskControl34.csv,1377602.0,34.0,56.14,,34.0,3.0,99.2,31.2,34.0,34.0,64.36,,34.0,3.0,99.2,31.2,34.0,34.0,29.880000000000003,,34.0,3.0,99.2,31.2,34.0,34.0,74.35999999999999,,34.0,34.0,20.740000000000002,,34.0,34.0,27.939999999999998,,34.0,34.0,27.82,,34.0,34.0,37.6,,34.0,34.0,36.720000000000006,,34.0,34.0,54.339999999999996,,34.0,34.0,29.880000000000003,,34.0,34.0,50.720000000000006,,34.0,34.0,48.720000000000006,,34.0,34.0,72.42,,34.0,34.0,70.67999999999999,,34.0,34.0,106.78,,34.0,34.0,84.82000000000001,,34.0,34.0,63.339999999999996,,34.0,34.0,63.120000000000005,,34.0,34.0,76.32000000000001,,34.0,34.0,71.26,,34.0,34.0,73.78,,34.0,34.0,71.38000000000001,,34.0,34.0,49.12,,34.0,34.0,48.2,,34.0,2025-02-10 18:05:59
2025-02-10_ID14_Heating pad_Level 1_Ta25_TskControl34.csv,1365062.0,34.2,40.31999999999999,,34.2,3.1,99.56000000000002,31.4,34.2,34.0,57.160000000000004,,34.0,3.0,99.2,31.2,34.0,34.0,25.54,,34.0,3.0,99.2,31.2,34.0,34.0,56.9,,34.0,34.0,15.639999999999997,,34.0,34.0,24.6,,34.0,34.0,24.48,,34.0,34.559999999999995,0.0,,34.559999999999995,35.32,0.0,,35.32,35.42,0.0,,35.42,34.0,25.54,,34.0,34.0,47.9,,34.0,34.0,48.239999999999995,,34.0,34.0,68.38,,34.0,34.0,72.97999999999999,,34.0,34.0,99.64,,34.0,34.0,85.11999999999999,,34.0,34.0,59.120000000000005,,34.0,34.0,60.7,,34.0,34.0,31.68,,34.0,34.0,28.32,,34.0,34.0,63.519999999999996,,34.0,34.0,63.9,,34.0,34.0,43.660000000000004,,34.0,34.0,40.36,,34.0,2025-02-10 14:36:59
2025-02-10_ID14_Heating pad_Level3_Ta25_TskControl34.csv,1368242.0,34.5,37.88,,34.5,3.3,99.9,31.8,34.5,34.0,58.08,,34.0,3.0,99.2,31.2,34.0,34.0,10.5,,34.0,3.0,99.2,31.2,34.0,34.0,55.080000000000005,,34.0,34.0,15.84,,34.0,34.0,17.220000000000002,,34.0,34.0,18.44,,34.0,36.160000000000004,0.0,,36.160000000000004,37.620000000000005,0.0,,37.620000000000005,37.82,0.0,,37.82,34.0,10.5,,34.0,34.0,46.4,,34.0,34.0,46.720000000000006,,34.0,34.0,68.66,,34.0,34.0,72.44000000000001,,34.0,34.0,99.88,,34.0,34.0,84.67999999999999,,34.0,34.0,58.6,,34.0,34.0,60.05999999999999,,34.0,34.0,21.96,,34.0,34.0,15.439999999999998,,34.0,34.0,64.36,,34.0,34.0,65.2,,34.0,34.0,45.8,,34.0,34.0,42.14,,34.0,2025-02-10 15:29:59
2025-02-10_ID14_Heating pad_Level4_Ta25_TskControl34.csv,1371002.0,34.6,37.24,,34.6,3.4,99.9,32.0,34.6,34.0,58.52,,34.0,3.0,99.2,31.2,34.0,34.0,3.6,,34.0,3.0,99.2,31.2,34.0,34.0,55.1,,34.0,34.0,15.720000000000002,,34.0,34.0,14.7,,34.0,34.0,15.1,,34.0,36.7,0.0,,36.7,38.36,0.0,,38.36,38.7,0.0,,38.7,34.0,3.6,,34.0,34.0,47.82000000000001,,34.0,34.0,47.1,,34.0,34.0,70.28,,34.0,34.0,72.34,,34.0,34.0,99.17999999999999,,34.0,34.0,83.14000000000001,,34.0,34.0,59.5,,34.0,34.0,59.92,,34.0,34.0,19.48,,34.0,34.0,12.680000000000001,,34.0,34.0,65.05999999999999,,34.0,34.0,64.94,,34.0,34.0,45.94,,34.0,34.0,43.120000000000005,,34.0,2025-02-10 16:15:59
2025-02-10_ID14_Heating pad_Level6_Ta25_TskControl34.csv,1372322.0,34.8,38.32,,34.8,3.5,100.0,32.120000000000005,34.8,34.0,61.88000000000001,,34.0,3.0,99.2,31.2,34.0,34.0,1.22,,34.0,3.0,99.2,31.2,34.0,34.0,57.68000000000001,,34.0,34.0,16.9,,34.0,34.0,12.379999999999999,,34.0,34.0,13.580000000000002,,34.0,37.480000000000004,0.0,,37.480000000000004,39.32,0.0,,39.32,39.68000000000001,0.0,,39.68000000000001,34.0,1.22,,34.0,34.0,48.98,,34.0,34.0,48.620000000000005,,34.0,34.0,74.41999999999999,,34.0,34.0,76.2,,34.0,34.0,108.28,,34.0,34.0,91.3,,34.0,34.0,62.0,,34.0,34.0,61.24000000000001,,34.0,34.0,15.839999999999998,,34.0,34.0,7.3199999999999985,,34.0,34.0,68.96000000000001,,34.0,34.0,69.82000000000001,,34.0,34.0,47.88,,34.0,34.0,45.2,,34.0,2025-02-10 16:37:59
2025-02-10_ID15_Foot warmer (foldable)_Level1_Ta25_TskControl34.csv,1358222.0,34.0,57.339999999999996,,34.0,3.0,99.2,31.2,34.0,34.0,63.220000000000006,,34.0,3.0,99.2,31.2,34.0,34.0,35.32,,34.0,3.0,99.2,31.2,34.0,34.0,52.02,,34.0,34.0,18.86,,34.0,34.0,30.259999999999998,,34.0,34.0,32.160000000000004,,34.0,34.0,40.739999999999995,,34.0,34.0,40.48,,34.0,34.0,58.4,,34.0,34.0,35.32,,34.0,34.0,52.02,,34.0,34.0,55.9,,34.0,34.0,69.7,,34.0,34.0,77.34,,34.0,34.0,106.85999999999999,,34.0,34.0,91.24000000000001,,34.0,34.0,60.839999999999996,,34.0,34.0,66.94,,34.0,34.0,75.08,,34.0,34.0,77.58,,34.0,34.0,71.84,,34.0,34.0,71.0,,34.0,34.0,49.92,,34.0,34.0,47.7,,34.0,2025-02-10 12:42:59
2025-02-10_ID16_Foot warmer (halogen heater)_High_Ta25_TskControl34.csv,1361822.0,34.1,38.56,,34.1,3.1,99.35999999999999,31.22,34.1,34.279999999999994,13.680000000000001,,34.279999999999994,3.2,99.67999999999999,31.52,34.279999999999994,34.0,25.060000000000002,,34.0,3.0,99.2,31.2,34.0,34.0,48.92,,34.0,34.0,18.1,,34.0,34.0,26.4,,34.0,34.0,28.48,,34.0,34.0,36.8,,34.0,34.0,35.92,,34.0,34.0,52.7,,34.0,34.0,25.060000000000002,,34.0,34.0,47.82,,34.0,34.0,48.839999999999996,,34.0,34.0,62.3,,34.0,34.0,72.3,,34.0,34.0,91.48,,34.0,34.0,84.93999999999998,,34.0,34.0,48.9,,34.0,34.0,46.6,,34.0,34.0,54.04,,34.0,34.0,56.919999999999995,,34.0,34.42,0.0,,34.42,34.7,0.0,,34.7,34.0,9.96,,34.0,34.0,7.0,,34.0,2025-02-10 13:42:59
2025-02-10_ID16_Foot warmer (halogen heater)_Low_Ta25_TskControl34.csv,1360622.0,34.0,47.260000000000005,,34.0,3.0,99.2,31.2,34.0,34.0,36.36,,34.0,3.0,99.2,31.2,34.0,34.0,29.04,,34.0,3.0,99.2,31.2,34.0,34.0,51.160000000000004,,34.0,34.0,18.02,,34.0,34.0,28.560000000000002,,34.0,34.0,29.9,,34.0,34.0,39.64,,34.0,34.0,38.300000000000004,,34.0,34.0,56.14000000000001,,34.0,34.0,29.04,,34.0,34.0,50.78,,34.0,34.0,52.21999999999999,,34.0,34.0,67.53999999999999,,34.0,34.0,72.84,,34.0,34.0,103.58,,34.0,34.0,84.82000000000001,,34.0,34.0,56.1,,34.0,34.0,54.120000000000005,,34.0,34.0,63.1,,34.0,34.0,66.56000000000002,,34.0,34.0,33.8,,34.0,34.0,32.0,,34.0,34.0,26.24,,34.0,34.0,23.56,,34.0,2025-02-10 13:22:59
2025-02-11_ID0_NoPCS_Ta25_TskControl34.csv,1436882.0,34.0,56.1,,34.0,3.0,99.2,31.2,34.0,34.0,62.379999999999995,,34.0,3.0,99.2,31.2,34.0,34.0,41.0,,34.0,3.0,99.2,31.2,34.0,34.0,54.58,,34.0,34.0,16.259999999999998,,34.0,34.0,30.419999999999998,,34.0,34.0,33.9,,34.0,34.0,39.32,,34.0,34.0,41.74,,34.0,34.0,59.0,,34.0,34.0,41.0,,34.0,34.0,48.720000000000006,,34.0,34.0,53.68000000000001,,34.0,34.0,60.94,,34.0,34.0,70.47999999999999,,34.0,34.0,90.44,,34.0,34.0,84.06,,34.0,34.0,62.02,,34.0,34.0,67.58,,34.0,34.0,76.5,,34.0,34.0,76.34,,34.0,34.0,71.14000000000001,,34.0,34.0,68.06,,34.0,34.0,49.1,,34.0,34.0,47.06,,34.0,2025-02-11 10:34:01
2025-02-11_ID12_Midiam evaporative cooler (white)_High_Angle135_Distance60_Ta25_TskControl34.csv,1439942.0,34.0,59.08,,34.0,3.0,99.2,31.2,34.0,34.0,62.18000000000001,,34.0,3.0,99.2,31.2,34.0,34.0,36.779999999999994,,34.0,3.0,99.2,31.2,34.0,34.0,116.92,,34.0,34.0,24.419999999999998,,34.0,34.0,32.08,,34.0,34.0,33.96,,34.0,34.0,40.760000000000005,,34.0,34.0,41.660000000000004,,34.0,34.0,56.379999999999995,,34.0,34.0,36.779999999999994,,34.0,34.0,51.64000000000001,,34.0,34.0,54.0,,34.0,34.0,70.44,,34.0,34.0,76.46000000000001,,34.0,34.0,106.46,,34.0,34.0,88.94000000000001,,34.0,34.0,61.5,,34.0,34.0,66.52000000000001,,34.0,34.0,74.46,,34.0,34.0,73.4,,34.0,34.0,70.46000000000001,,34.0,34.0,69.2,,34.0,34.0,48.76,,34.0,34.0,45.88,,34.0,2025-02-11 11:25:01
2025-02-11_ID12_Midiam evaporative cooler (white)_Low_Angle135_Distance60_Ta25_TskControl34.csv,1438382.0,34.0,57.839999999999996,,34.0,3.0,99.2,31.2,34.0,34.0,61.36,,34.0,3.0,99.2,31.2,34.0,34.0,37.1,,34.0,3.0,99.2,31.2,34.0,34.0,106.72,,34.0,34.0,21.24,,34.0,34.0,32.54,,34.0,34.0,34.64,,34.0,34.0,39.559999999999995,,34.0,34.0,40.7,,34.0,34.0,56.6,,34.0,34.0,37.1,,34.0,34.0,48.6,,34.0,34.0,53.6,,34.0,34.0,62.8,,34.0,34.0,74.33999999999999,,34.0,34.0,94.61999999999999,,34.0,34.0,91.76,,34.0,34.0,60.48,,34.0,34.0,68.9,,34.0,34.0,74.58,,34.0,34.0,74.26000000000002,,34.0,34.0,70.55999999999999,,34.0,34.0,67.52000000000001,,34.0,34.0,47.9,,34.0,34.0,45.34,,34.0,2025-02-11 10:59:01
2025-02-11_ID12_Midiam evaporative cooler (white)_Mid_Angle135_Distance60_Ta25_TskControl34.csv,1439102.0,34.0,58.94,,34.0,3.0,99.2,31.2,34.0,34.0,61.720000000000006,,34.0,3.0,99.2,31.2,34.0,34.0,37.3,,34.0,3.0,99.2,31.2,34.0,34.0,116.02000000000001,,34.0,34.0,22.54,,34.0,34.0,32.48,,34.0,34.0,34.81999999999999,,34.0,34.0,39.92,,34.0,34.0,41.019999999999996,,34.0,34.0,56.94000000000001,,34.0,34.0,37.3,,34.0,34.0,50.86,,34.0,34.0,53.28000000000001,,34.0,34.0,68.9,,34.0,34.0,75.64,,34.0,34.0,106.85999999999999,,34.0,34.0,89.56000000000002,,34.0,34.0,60.5,,34.0,34.0,68.03999999999999,,34.0,34.0,75.16,,34.0,34.0,74.22,,34.0,34.0,71.36,,34.0,34.0,68.52,,34.0,34.0,47.82,,34.0,34.0,44.54,,34.0,2025-02-11 11:11:01
2025-02-11_ID13_Standing evaporative cooler (DeLonghi)_High_Angle180_Distance150_Ta25_TskControl34.csv,1454402.0,34.0,73.5,,34.0,3.0,99.2,31.2,34.0,34.0,71.08,,34.0,3.0,99.2,31.2,34.0,34.0,53.61999999999999,,34.0,3.0,99.2,31.2,34.0,34.0,116.91999999999999,,34.0,34.0,24.3,,34.0,34.0,51.88000000000001,,34.0,34.0,47.980000000000004,,34.0,34.0,71.08,,34.0,34.0,56.14,,34.0,34.0,68.79999999999998,,34.0,34.0,53.61999999999999,,34.0,34.0,92.26000000000002,,34.0,34.0,63.519999999999996,,34.0,34.0,103.8,,34.0,34.0,100.53999999999999,,34.0,34.0,124.84,,34.0,34.0,121.08,,34.0,34.0,98.1,,34.0,34.0,87.02000000000001,,34.0,34.0,85.22,,34.0,34.0,73.08000000000001,,34.0,34.0,72.28,,34.0,34.0,68.62,,34.0,34.0,48.18,,34.0,34.0,45.94,,34.0,2025-02-11 15:26:01
2025-02-11_ID13_Standing evaporative cooler (DeLonghi)_High_Angle225_Distance150_Ta25_TskControl34.csv,1448102.0,34.0,75.22,,34.0,3.0,99.2,31.2,34.0,34.0,71.76,,34.0,3.0,99.2,31.2,34.0,34.0,48.980000000000004,,34.0,3.0,99.2,31.2,34.0,34.0,107.25999999999999,,34.0,34.0,23.32,,34.0,34.0,48.67999999999999,,34.0,34.0,37.720000000000006,,34.0,34.0,76.96,,34.0,34.0,60.1,,34.0,34.0,74.52,,34.0,34.0,48.980000000000004,,34.0,34.0,92.18,,34.0,34.0,61.96,,34.0,34.0,110.9,,34.0,34.0,104.64000000000001,,34.0,34.0,159.24,,34.0,34.0,148.74,,34.0,34.0,97.7,,34.0,34.0,84.66,,34.0,34.0,83.6,,34.0,34.0,78.42,,34.0,34.0,73.2,,34.0,34.0,70.47999999999999,,34.0,34.0,48.8,,34.0,34.0,45.76,,34.0,2025-02-11 13:41:01
2025-02-11_ID13_Standing evaporative cooler (DeLonghi)_High_Angle270_Distance150_Ta25_TskControl34.csv,1443422.0,34.0,72.26,,34.0,3.0,99.2,31.2,34.0,34.0,68.78,,34.0,3.0,99.2,31.2,34.0,34.0,44.3,,34.0,3.0,99.2,31.2,34.0,34.0,114.54,,34.0,34.0,35.959999999999994,,34.0,34.0,36.72,,34.0,34.0,37.760000000000005,,34.0,34.0,85.08,,34.0,34.0,75.84,,34.0,34.0,79.64000000000001,,34.0,34.0,44.3,,34.0,34.0,74.4,,34.0,34.0,69.7,,34.0,34.0,84.88,,34.0,34.0,88.74000000000001,,34.0,34.0,129.76000000000002,,34.0,34.0,109.94000000000001,,34.0,34.0,78.46000000000001,,34.0,34.0,77.5,,34.0,34.0,82.54,,34.0,34.0,78.8,,34.0,34.0,75.54,,34.0,34.0,72.82000000000001,,34.0,34.0,49.8,,34.0,34.0,47.739999999999995,,34.0,2025-02-11 12:23:01
2025-02-11_ID13_Standing evaporative cooler (DeLonghi)_Low_Angle180_Distance150_Ta25_TskControl34.csv,1449122.0,34.0,66.3,,34.0,3.0,99.2,31.2,34.0,34.0,66.1,,34.0,3.0,99.2,31.2,34.0,34.0,47.06,,34.0,3.0,99.2,31.2,34.0,34.0,100.1,,34.0,34.0,20.5,,34.0,34.0,47.46,,34.0,34.0,42.44,,34.0,34.0,63.4,,34.0,34.0,49.64,,34.0,34.0,62.8,,34.0,34.0,47.06,,34.0,34.0,82.52,,34.0,34.0,56.7,,34.0,34.0,99.4,,34.0,34.0,86.67999999999999,,34.0,34.0,125.33999999999999,,34.0,34.0,103.1,,34.0,34.0,82.56000000000002,,34.0,34.0,73.56,,34.0,34.0,72.88,,34.0,34.0,69.61999999999999,,34.0,34.0,68.42,,34.0,34.0,67.5,,34.0,34.0,48.16,,34.0,34.0,45.64,,34.0,2025-02-11 13:58:01
2025-02-11_ID13_Standing evaporative cooler (DeLonghi)_Low_Angle225_Distance150_Ta25_TskControl34.csv,1446422.0,34.0,68.3,,34.0,3.0,99.2,31.2,34.0,34.0,66.72,,34.0,3.0,99.2,31.2,34.0,34.0,44.980000000000004,,34.0,3.0,99.2,31.2,34.0,34.0,88.08,,34.0,34.0,20.32,,34.0,34.0,44.88000000000001,,34.0,34.0,35.879999999999995,,34.0,34.0,68.56,,34.0,34.0,52.739999999999995,,34.0,34.0,65.16000000000001,,34.0,34.0,44.980000000000004,,34.0,34.0,81.74000000000001,,34.0,34.0,57.6,,34.0,34.0,111.08,,34.0,34.0,92.5,,34.0,34.0,156.26,,34.0,34.0,124.38,,34.0,34.0,82.85999999999999,,34.0,34.0,77.14000000000001,,34.0,34.0,73.3,,34.0,34.0,72.02000000000001,,34.0,34.0,70.58,,34.0,34.0,67.38,,34.0,34.0,48.26,,34.0,34.0,45.720000000000006,,34.0,2025-02-11 13:13:01
2025-02-11_ID13_Standing evaporative cooler (DeLonghi)_Low_Angle270_Distance150_Ta25_TskControl34.csv,1445582.0,34.0,64.6,,34.0,3.0,99.2,31.2,34.0,34.0,63.82000000000001,,34.0,3.0,99.2,31.2,34.0,34.0,40.36,,34.0,3.0,99.2,31.2,34.0,34.0,95.4,,34.0,34.0,30.1,,34.0,34.0,32.2,,34.0,34.0,33.56,,34.0,34.0,72.72,,34.0,34.0,66.32000000000001,,34.0,34.0,71.02000000000001,,34.0,34.0,40.36,,34.0,34.0,63.660000000000004,,34.0,34.0,64.78,,34.0,34.0,69.82,,34.0,34.0,76.32000000000001,,34.0,34.0,109.85999999999999,,34.0,34.0,97.62,,34.0,34.0,65.44,,34.0,34.0,71.25999999999999,,34.0,34.0,75.34,,34.0,34.0,75.18,,34.0,34.0,70.64,,34.0,34.0,70.78,,34.0,34.0,48.9,,34.0,34.0,47.54,,34.0,2025-02-11 12:59:01
2025-02-11_ID13_Standing evaporative cooler (DeLonghi)_Mid_Angle180_Distance150_Ta25_TskControl34.csv,1450322.0,34.0,69.52,,34.0,3.0,99.2,31.2,34.0,34.0,68.46000000000001,,34.0,3.0,99.2,31.2,34.0,34.0,49.4,,34.0,3.0,99.2,31.2,34.0,34.0,108.66,,34.0,34.0,23.0,,34.0,34.0,49.14,,34.0,34.0,45.38000000000001,,34.0,34.0,66.42,,34.0,34.0,51.82000000000001,,34.0,34.0,62.82000000000001,,34.0,34.0,49.4,,34.0,34.0,86.58000000000001,,34.0,34.0,57.42,,34.0,34.0,110.05999999999999,,34.0,34.0,93.62,,34.0,34.0,140.94,,34.0,34.0,110.12,,34.0,34.0,88.99999999999999,,34.0,34.0,77.02,,34.0,34.0,76.55999999999999,,34.0,34.0,68.56,,34.0,34.0,70.72,,34.0,34.0,67.78,,34.0,34.0,48.56,,34.0,34.0,46.68,,34.0,2025-02-11 14:18:01
2025-02-11_ID13_Standing evaporative cooler (DeLonghi)_Mid_Angle225_Distance150_Ta25_TskControl34.csv,1447202.0,34.0,73.05999999999999,,34.0,3.0,99.2,31.2,34.0,34.0,69.62,,34.0,3.0,99.2,31.2,34.0,34.0,47.720000000000006,,34.0,3.0,99.2,31.2,34.0,34.0,94.96000000000001,,34.0,34.0,21.68,,34.0,34.0,47.14,,34.0,34.0,36.3,,34.0,34.0,73.66,,34.0,34.0,56.160000000000004,,34.0,34.0,70.53999999999999,,34.0,34.0,47.720000000000006,,34.0,34.0,88.06000000000002,,34.0,34.0,59.7,,34.0,34.0,115.0,,34.0,34.0,104.63999999999999,,34.0,34.0,171.40000000000003,,34.0,34.0,147.08,,34.0,34.0,94.04,,34.0,34.0,83.32000000000001,,34.0,34.0,79.93999999999998,,34.0,34.0,75.22,,34.0,34.0,72.14,,34.0,34.0,67.47999999999999,,34.0,34.0,47.68,,34.0,34.0,45.26,,34.0,2025-02-11 13:26:01
