ID,Category,Physical_Effect,Type,Size,Brand,Product_Reference,Availability,Image,Publication,PCS_Level,Price_USD,Year,Target_Body,Angle_Horizontal,Distance_Horizontal,Distance_Vertical,Plug_Power,Research_Center,Country,Context,Posture,Manikin_Company,Manikin_Type,Manikin_Gender,Manikin_Body_Segments,Control_Method,Air_Temperature,MRT,RH,Vel,Baseline_Tsk_All,Baseline_Tsk_Head,Baseline_Tsk_Chest,Baseline_Tsk_Back,Baseline_Tsk_Pelvis,Baseline_Tsk_Left_Upper_Arm,Baseline_Tsk_Right_Upper_Arm,Baseline_Tsk_Left_Forearm,Baseline_Tsk_Right_Forearm,Baseline_Tsk_Left_Hand,Baseline_Tsk_Right_Hand,Baseline_Tsk_Left_Thigh,Baseline_Tsk_Right_Thigh,Baseline_Tsk_Left_Lower_Leg,Baseline_Tsk_Right_Lower_Leg,Baseline_Tsk_Left_Foot,Baseline_Tsk_Right_Foot,Baseline_P_All,Baseline_P_Head,Baseline_P_Chest,Baseline_P_Back,Baseline_P_Pelvis,Baseline_P_Left_Upper_Arm,Baseline_P_Right_Upper_Arm,Baseline_P_Left_Forearm,Baseline_P_Right_Forearm,Baseline_P_Left_Hand,Baseline_P_Right_Hand,Baseline_P_Left_Thigh,Baseline_P_Right_Thigh,Baseline_P_Left_Lower_Leg,Baseline_P_Right_Lower_Leg,Baseline_P_Left_Foot,Baseline_P_Right_Foot,PCS_Tsk_All,PCS_Tsk_Head,PCS_Tsk_Chest,PCS_Tsk_Back,PCS_Tsk_Pelvis,PCS_Tsk_Left_Upper_Arm,PCS_Tsk_Right_Upper_Arm,PCS_Tsk_Left_Forearm,PCS_Tsk_Right_Forearm,PCS_Tsk_Left_Hand,PCS_Tsk_Right_Hand,PCS_Tsk_Left_Thigh,PCS_Tsk_Right_Thigh,PCS_Tsk_Left_Lower_Leg,PCS_Tsk_Right_Lower_Leg,PCS_Tsk_Left_Foot,PCS_Tsk_Right_Foot,PCS_P_All,PCS_P_Head,PCS_P_Chest,PCS_P_Back,PCS_P_Pelvis,PCS_P_Left_Upper_Arm,PCS_P_Right_Upper_Arm,PCS_P_Left_Forearm,PCS_P_Right_Forearm,PCS_P_Left_Hand,PCS_P_Right_Hand,PCS_P_Left_Thigh,PCS_P_Right_Thigh,PCS_P_Left_Lower_Leg,PCS_P_Right_Lower_Leg,PCS_P_Left_Foot,PCS_P_Right_Foot,Delta_Teq_All,Delta_Teq_Head,Delta_Teq_Chest,Delta_Teq_Back,Delta_Teq_Pelvis,Delta_Teq_Left_Upper_Arm,Delta_Teq_Right_Upper_Arm,Delta_Teq_Left_Forearm,Delta_Teq_Right_Forearm,Delta_Teq_Left_Hand,Delta_Teq_Right_Hand,Delta_Teq_Left_Thigh,Delta_Teq_Right_Thigh,Delta_Teq_Left_Lower_Leg,Delta_Teq_Right_Lower_Leg,Delta_Teq_Left_Foot,Delta_Teq_Right_Foot,Delta_P_All,Delta_P_Head,Delta_P_Chest,Delta_P_Back,Delta_P_Pelvis,Delta_P_Left_Upper_Arm,Delta_P_Right_Upper_Arm,Delta_P_Left_Forearm,Delta_P_Right_Forearm,Delta_P_Left_Hand,Delta_P_Right_Hand,Delta_P_Left_Thigh,Delta_P_Right_Thigh,Delta_P_Left_Lower_Leg,Delta_P_Right_Lower_Leg,Delta_P_Left_Foot,Delta_P_Right_Foot,Clo_All,Clo_Head,Clo_Chest,Clo_Back,Clo_Pelvis,Clo_Left_Upper_Arm,Clo_Right_Upper_Arm,Clo_Left_Forearm,Clo_Right_Forearm,Clo_Left_Hand,Clo_Right_Hand,Clo_Left_Thigh,Clo_Right_Thigh,Clo_Left_Lower_Leg,Clo_Right_Lower_Leg,Clo_Left_Foot,Clo_Right_Foot
1,Cooling,Convection,Desk fan,"20, 20, 3",Simpeak,Reference link,Market-ready,1_fan.jpeg,nan,45726,10,2025,Head,125,60,15,2,The University of Sydney,Australia,Office,Sitting,PT Manikins,Thermal,Female,22,TskControl34,25,25,50,0.1,33,33,33,33,33,33,33,33,33,33,33,33,33,33,33,33,33,40,50,40,40,40,40,40,40,40,40,40,10,10,10,10,10,10,32,32,32,32,32,32,32,32,32,30,30,30,30,30,30,30,30,43,43,43,43,43,43,43,43,43,43,43,43,43,43,43,43,43,-0.3,-0.6,0,0,0,0,0,0,0,0,0,0,0,0,0,0,0,-50,10,0,0,0,0,0,0,0,0,0,0,0,0,0,0,0,0.6,0.2,1,1,1,0.7,0.7,0.7,0.7,0,0,0.7,0.7,0.7,0.7,1,1
1,Cooling,Convection,Desk fan,"20, 20, 3",Simpeak,Reference link,Market-ready,1_fan.jpeg,nan,45757,10,2025,Head,125,60,15,3,The University of Sydney,Australia,Office,Sitting,PT Manikins,Thermal,Female,22,TskControl34,25,25,50,0.1,33,33,33,33,33,33,33,33,33,33,33,33,33,33,33,33,33,40,50,40,40,40,40,40,40,40,40,40,10,10,10,10,10,10,31.5,31.5,31.5,31.5,31.5,31.5,31.5,31.5,31.5,29,29,29,29,29,29,29,29,44,44,44,44,44,44,44,44,44,44,44,44,44,44,44,44,44,-0.3,-0.6,0,0,0,0,0,0,0,0,0,0,0,0,0,0,0,-50,10,0,0,0,0,0,0,0,0,0,0,0,0,0,0,0,0.6,0.2,1,1,1,0.7,0.7,0.7,0.7,0,0,0.7,0.7,0.7,0.7,1,1
1,Cooling,Convection,Desk fan,"20, 20, 3",Simpeak,Reference link,Market-ready,1_fan.jpeg,nan,45940,10,2025,Head,125,60,15,4,The University of Sydney,Australia,Office,Sitting,PT Manikins,Thermal,Female,22,TskControl34,25,25,50,0.1,33,33,33,33,33,33,33,33,33,33,33,33,33,33,33,33,33,40,50,40,40,40,40,40,40,40,40,40,10,10,10,10,10,10,31,31,31,31,31,31,31,31,31,29,29,29,29,29,29,29,29,46,46,46,46,46,46,46,46,46,46,46,46,46,46,46,46,46,-0.3,-0.6,0,0,0,0,0,0,0,0,0,0,0,0,0,0,0,-50,10,0,0,0,0,0,0,0,0,0,0,0,0,0,0,0,0.6,0.2,1,1,1,0.7,0.7,0.7,0.7,0,0,0.7,0.7,0.7,0.7,1,1
2,Cooling,"Evaporative, convective",Evaporative cooler,"15, 20, 10",Evapolar,Reference link,Market-ready,2_evapolar.jpeg,nan,45739,100,2025,Left_Chest,125,60,5,10,The University of Sydney,Australia,Office,Sitting,PT Manikins,Thermal,Female,22,TskControl34,25,25,50,0.1,33,33,33,33,33,33,33,33,33,33,33,33,33,33,33,33,33,40,50,40,40,40,40,40,40,40,40,40,10,10,10,10,10,10,31,31,31,31,31,31,31,31,31,29,29,29,29,29,29,29,29,46,46,46,46,46,46,46,46,46,46,46,46,46,46,46,46,46,-0.3,-0.6,0,0,0,0,0,0,0,0,0,0,0,0,0,0,0,-50,10,0,0,0,0,0,0,0,0,0,0,0,0,0,0,0,0.6,0.2,1,1,1,0.7,0.7,0.7,0.7,0,0,0.7,0.7,0.7,0.7,1,1
2,Cooling,"Evaporative, convective",Evaporative cooler,"15, 20, 10",Evapolar,Reference link,Market-ready,2_evapolar.jpeg,nan,45861,100,2025,Left_Chest,125,60,5,12,The University of Sydney,Australia,Office,Sitting,PT Manikins,Thermal,Female,22,TskControl34,25,25,50,0.1,33,33,33,33,33,33,33,33,33,33,33,33,33,33,33,33,33,40,50,40,40,40,40,40,40,40,40,40,10,10,10,10,10,10,30,30,30,30,30,30,30,30,30,28,28,28,28,28,28,28,28,48,48,48,48,48,48,48,48,48,48,48,48,48,48,48,48,48,-0.3,-0.6,0,0,0,0,0,0,0,0,0,0,0,0,0,0,0,-50,10,0,0,0,0,0,0,0,0,0,0,0,0,0,0,0,0.6,0.2,1,1,1,0.7,0.7,0.7,0.7,0,0,0.7,0.7,0.7,0.7,1,1
2,Cooling,"Evaporative, convective",Evaporative cooler,"15, 20, 10",Evapolar,Reference link,Market-ready,2_evapolar.jpeg,nan,23/23,100,2025,Left_Chest,125,60,5,14,The University of Sydney,Australia,Office,Sitting,PT Manikins,Thermal,Female,22,TskControl34,25,25,50,0.1,33,33,33,33,33,33,33,33,33,33,33,33,33,33,33,33,33,40,50,40,40,40,40,40,40,40,40,40,10,10,10,10,10,10,29,29,29,29,29,29,29,29,29,27,27,27,27,27,27,27,27,50,50,50,50,50,50,50,50,50,50,50,50,50,50,50,50,50,-0.3,-0.6,0,0,0,0,0,0,0,0,0,0,0,0,0,0,0,-50,10,0,0,0,0,0,0,0,0,0,0,0,0,0,0,0,0.6,0.2,1,1,1,0.7,0.7,0.7,0.7,0,0,0.7,0.7,0.7,0.7,1,1
3,Heating,Radiant,Foot warmer,"30, 40, 1",lomitech,Reference link,Market-ready,3_foot_warmer.jpeg,nan,45662,50,2025,"Left_Foot,?Right_Foot",nan,nan,nan,15,The University of Sydney,Australia,Office,Sitting,PT Manikins,Thermal,Female,22,TskControl34,25,25,50,0.1,33,33,33,33,33,33,33,33,33,33,33,33,33,33,33,33,33,40,50,40,40,40,40,40,40,40,40,40,10,10,10,10,10,10,34,34,34,34,34,34,34,34,34,33,33,33,33,33,33,33,33,30,30,30,30,30,30,30,30,30,30,30,30,30,30,30,30,30,1,0,0,0,0,0,0,0,0,0,0,0,0,0,0,2,2,50,0,0,0,0,0,0,0,0,0,0,0,0,0,0,-40,-40,0.6,0.2,1,1,1,0.7,0.7,0.7,0.7,0,0,0.7,0.7,0.7,0.7,1,1
3,Heating,Radiant,Foot warmer,"30, 40, 1",lomitech,Reference link,Market-ready,3_foot_warmer.jpeg,nan,45721,50,2025,"Left_Foot,?Right_Foot",nan,nan,nan,20,The University of Sydney,Australia,Office,Sitting,PT Manikins,Thermal,Female,22,TskControl34,25,25,50,0.1,33,33,33,33,33,33,33,33,33,33,33,33,33,33,33,33,33,40,50,40,40,40,40,40,40,40,40,40,10,10,10,10,10,10,35,35,35,35,35,35,35,35,35,34,34,34,34,34,34,34,34,29,29,29,29,29,29,29,29,29,29,29,29,29,29,29,29,29,1,0,0,0,0,0,0,0,0,0,0,0,0,0,0,4,4,50,0,0,0,0,0,0,0,0,0,0,0,0,0,0,-40,-40,0.6,0.2,1,1,1,0.7,0.7,0.7,0.7,0,0,0.7,0.7,0.7,0.7,1,1
3,Heating,Radiant,Foot warmer,"30, 40, 1",lomitech,Reference link,Market-ready,3_foot_warmer.jpeg,nan,45782,50,2025,"Left_Foot,?Right_Foot",nan,nan,nan,25,The University of Sydney,Australia,Office,Sitting,PT Manikins,Thermal,Female,22,TskControl34,25,25,50,0.1,33,33,33,33,33,33,33,33,33,33,33,33,33,33,33,33,33,40,50,40,40,40,40,40,40,40,40,40,10,10,10,10,10,10,36,36,36,36,36,36,36,36,36,34,34,34,34,34,34,34,34,28,28,28,28,28,28,28,28,28,28,28,28,28,28,28,28,28,1,0,0,0,0,0,0,0,0,0,0,0,0,0,0,6,6,50,0,0,0,0,0,0,0,0,0,0,0,0,0,0,-40,-40,0.6,0.2,1,1,1,0.7,0.7,0.7,0.7,0,0,0.7,0.7,0.7,0.7,1,1
